<?xml version="1.0"?>
<BlastXML2
xmlns="http://www.ncbi.nlm.nih.gov"
xmlns:xi="http://www.w3.org/2003/XInclude"xmlns:xs="http://www.w3.org/2001/XMLSchema-instance"
xs:schemaLocation="http://www.ncbi.nlm.nih.gov http://www.ncbi.nlm.nih.gov/data_specs/schema_alt/NCBI_BlastOutput2.xsd">
	<xi:include href="89MVUKAG013_1.xml"/>
	<xi:include href="89MVUKAG013_2.xml"/>
	<xi:include href="89MVUKAG013_3.xml"/>
	<xi:include href="89MVUKAG013_4.xml"/>
	<xi:include href="89MVUKAG013_5.xml"/>
	<xi:include href="89MVUKAG013_6.xml"/>
	<xi:include href="89MVUKAG013_7.xml"/>
	<xi:include href="89MVUKAG013_8.xml"/>
	<xi:include href="89MVUKAG013_9.xml"/>
	<xi:include href="89MVUKAG013_10.xml"/>
</BlastXML2>
