<?xml version="1.0"?>
<BlastOutput2
    xmlns="http://www.ncbi.nlm.nih.gov"
    xmlns:xs="http://www.w3.org/2001/XMLSchema-instance"
    xs:schemaLocation="http://www.ncbi.nlm.nih.gov http://www.ncbi.nlm.nih.gov/data_specs/schema_alt/NCBI_BlastOutput2.xsd"
>
  <report>
    <Report>
      <program>blastx</program>
      <version>BLASTX 2.11.0+</version>
      <reference>Stephen F. Altschul, Thomas L. Madden, Alejandro A. Sch&amp;auml;ffer, Jinghui Zhang, Zheng Zhang, Webb Miller, and David J. Lipman (1997), &quot;Gapped BLAST and PSI-BLAST: a new generation of protein database search programs&quot;, Nucleic Acids Res. 25:3389-3402.</reference>
      <search-target>
        <Target>
          <db>nr</db>
        </Target>
      </search-target>
      <params>
        <Parameters>
          <matrix>BLOSUM62</matrix>
          <expect>0.05</expect>
          <gap-open>11</gap-open>
          <gap-extend>1</gap-extend>
          <filter>L;</filter>
          <cbs>2</cbs>
          <query-gencode>1</query-gencode>
        </Parameters>
      </params>
      <results>
        <Results>
          <search>
            <Search>
              <query-id>Query_65900</query-id>
              <query-title>TRINITY_DN663_c9_g1_i1</query-title>
              <query-len>245</query-len>
              <query-masking>
                <Range>
                  <from>22</from>
                  <to>40</to>
                </Range>
              </query-masking>
              <hits></hits>
              <stat>
                <Statistics>
                  <db-num>372284513</db-num>
                  <db-len>135225477075</db-len>
                  <hsp-len>0</hsp-len>
                  <eff-space>0</eff-space>
                  <kappa>0.041</kappa>
                  <lambda>0.267</lambda>
                  <entropy>0.14</entropy>
                </Statistics>
              </stat>
              <message>No hits found</message>
            </Search>
          </search>
        </Results>
      </results>
    </Report>
  </report>
</BlastOutput2>
