<?xml version="1.0"?>
<BlastXML2
xmlns="http://www.ncbi.nlm.nih.gov"
xmlns:xi="http://www.w3.org/2003/XInclude"xmlns:xs="http://www.w3.org/2001/XMLSchema-instance"
xs:schemaLocation="http://www.ncbi.nlm.nih.gov http://www.ncbi.nlm.nih.gov/data_specs/schema_alt/NCBI_BlastOutput2.xsd">
	<xi:include href="89N9HV2R013_1.xml"/>
	<xi:include href="89N9HV2R013_2.xml"/>
	<xi:include href="89N9HV2R013_3.xml"/>
	<xi:include href="89N9HV2R013_4.xml"/>
	<xi:include href="89N9HV2R013_5.xml"/>
	<xi:include href="89N9HV2R013_6.xml"/>
	<xi:include href="89N9HV2R013_7.xml"/>
	<xi:include href="89N9HV2R013_8.xml"/>
	<xi:include href="89N9HV2R013_9.xml"/>
	<xi:include href="89N9HV2R013_10.xml"/>
	<xi:include href="89N9HV2R013_11.xml"/>
	<xi:include href="89N9HV2R013_12.xml"/>
	<xi:include href="89N9HV2R013_13.xml"/>
	<xi:include href="89N9HV2R013_14.xml"/>
	<xi:include href="89N9HV2R013_15.xml"/>
	<xi:include href="89N9HV2R013_16.xml"/>
	<xi:include href="89N9HV2R013_17.xml"/>
	<xi:include href="89N9HV2R013_18.xml"/>
	<xi:include href="89N9HV2R013_19.xml"/>
</BlastXML2>
