<?xml version="1.0"?>
<BlastOutput2
    xmlns="http://www.ncbi.nlm.nih.gov"
    xmlns:xs="http://www.w3.org/2001/XMLSchema-instance"
    xs:schemaLocation="http://www.ncbi.nlm.nih.gov http://www.ncbi.nlm.nih.gov/data_specs/schema_alt/NCBI_BlastOutput2.xsd"
>
  <report>
    <Report>
      <program>blastx</program>
      <version>BLASTX 2.11.0+</version>
      <reference>Stephen F. Altschul, Thomas L. Madden, Alejandro A. Sch&amp;auml;ffer, Jinghui Zhang, Zheng Zhang, Webb Miller, and David J. Lipman (1997), &quot;Gapped BLAST and PSI-BLAST: a new generation of protein database search programs&quot;, Nucleic Acids Res. 25:3389-3402.</reference>
      <search-target>
        <Target>
          <db>nr</db>
        </Target>
      </search-target>
      <params>
        <Parameters>
          <matrix>BLOSUM62</matrix>
          <expect>0.05</expect>
          <gap-open>11</gap-open>
          <gap-extend>1</gap-extend>
          <filter>L;</filter>
          <cbs>2</cbs>
          <query-gencode>1</query-gencode>
        </Parameters>
      </params>
      <results>
        <Results>
          <search>
            <Search>
              <query-id>Query_62996</query-id>
              <query-title>TRINITY_DN120786_c0_g1_i1</query-title>
              <query-len>318</query-len>
              <query-masking>
                <Range>
                  <from>113</from>
                  <to>146</to>
                </Range>
              </query-masking>
              <hits>
                <Hit>
                  <num>1</num>
                  <description>
                    <HitDescr>
                      <id>ref|XP_012565798.1|</id>
                      <accession>XP_012565798</accession>
                      <title>PREDICTED: uncharacterized protein LOC105849894, partial [Hydra vulgaris]</title>
                      <taxid>6087</taxid>
                      <sciname>Hydra vulgaris</sciname>
                    </HitDescr>
                  </description>
                  <len>59</len>
                  <hsps>
                    <Hsp>
                      <num>1</num>
                      <bit-score>45.0542</bit-score>
                      <score>105</score>
                      <evalue>0.00117651</evalue>
                      <identity>21</identity>
                      <positive>25</positive>
                      <query-from>1</query-from>
                      <query-to>84</query-to>
                      <query-frame>1</query-frame>
                      <hit-from>27</hit-from>
                      <hit-to>54</hit-to>
                      <align-len>28</align-len>
                      <gaps>0</gaps>
                      <qseq>ILLSTRGTADLDHWYLHRLDRAMVPSYH</qseq>
                      <hseq>ILLSTRGTADSDNWHLHLLEKAMVRSYH</hseq>
                      <midline>ILLSTRGTAD D+W+LH L++AMV SYH</midline>
                    </Hsp>
                  </hsps>
                </Hit>
                <Hit>
                  <num>2</num>
                  <description>
                    <HitDescr>
                      <id>gb|EDO25373.1|</id>
                      <accession>EDO25373</accession>
                      <title>predicted protein, partial [Nematostella vectensis]</title>
                      <taxid>45351</taxid>
                      <sciname>Nematostella vectensis</sciname>
                    </HitDescr>
                  </description>
                  <len>52</len>
                  <hsps>
                    <Hsp>
                      <num>1</num>
                      <bit-score>41.2022</bit-score>
                      <score>95</score>
                      <evalue>0.0372189</evalue>
                      <identity>18</identity>
                      <positive>24</positive>
                      <query-from>1</query-from>
                      <query-to>87</query-to>
                      <query-frame>1</query-frame>
                      <hit-from>23</hit-from>
                      <hit-to>51</hit-to>
                      <align-len>29</align-len>
                      <gaps>0</gaps>
                      <qseq>ILLSTRGTADLDHWYLHRLDRAMVPSYHA</qseq>
                      <hseq>ILLSTRGTADSDNWHLHLAEKPMVPTHTA</hseq>
                      <midline>ILLSTRGTAD D+W+LH  ++ MVP++ A</midline>
                    </Hsp>
                  </hsps>
                </Hit>
                <Hit>
                  <num>3</num>
                  <description>
                    <HitDescr>
                      <id>gb|EDO49091.1|</id>
                      <accession>EDO49091</accession>
                      <title>predicted protein [Nematostella vectensis]</title>
                      <taxid>45351</taxid>
                      <sciname>Nematostella vectensis</sciname>
                    </HitDescr>
                  </description>
                  <len>746</len>
                  <hsps>
                    <Hsp>
                      <num>1</num>
                      <bit-score>43.8986</bit-score>
                      <score>102</score>
                      <evalue>0.0424936</evalue>
                      <identity>19</identity>
                      <positive>23</positive>
                      <query-from>1</query-from>
                      <query-to>84</query-to>
                      <query-frame>1</query-frame>
                      <hit-from>662</hit-from>
                      <hit-to>689</hit-to>
                      <align-len>28</align-len>
                      <gaps>0</gaps>
                      <qseq>ILLSTRGTADLDHWYLHRLDRAMVPSYH</qseq>
                      <hseq>ILLSTRGTADSDNWHLHLAEKPMVRSYH</hseq>
                      <midline>ILLSTRGTAD D+W+LH  ++ MV SYH</midline>
                    </Hsp>
                  </hsps>
                </Hit>
              </hits>
              <stat>
                <Statistics>
                  <db-num>385187553</db-num>
                  <db-len>139746377912</db-len>
                  <hsp-len>0</hsp-len>
                  <eff-space>0</eff-space>
                  <kappa>0.041</kappa>
                  <lambda>0.267</lambda>
                  <entropy>0.14</entropy>
                </Statistics>
              </stat>
            </Search>
          </search>
        </Results>
      </results>
    </Report>
  </report>
</BlastOutput2>
