"","Date.Time","Tmp_XL","pH_XL","Salt_XL","Tmp_L","pH_L","Salt_L","Tmp_A","pH_A","Salt_A"
"4",2018-06-17 00:00:00,"27.7","7.41","31.4","27.7","7.61","33.7","27.5","7.84","35.0"
"5",2018-06-17 00:05:00,"27.7","7.38","31.4","27.7","7.61","33.7","27.5","7.84","35.0"
"6",2018-06-17 00:10:00,"27.7","7.37","31.4","27.7","7.61","33.7","27.5","7.84","35.0"
"7",2018-06-17 00:15:00,"27.7","7.38","31.4","27.7","7.61","33.8","27.5","7.84","35.0"
"8",2018-06-17 00:20:00,"27.7","7.38","31.4","27.7","7.61","33.8","27.5","7.84","35.0"
"9",2018-06-17 00:25:00,"27.7","7.39","31.4","27.7","7.61","33.8","27.5","7.84","35.0"
"10",2018-06-17 00:30:00,"27.7","7.41","31.4","27.6","7.61","33.6","27.5","7.84","35.0"
"11",2018-06-17 00:35:00,"27.7","7.40","31.4","27.6","7.61","33.8","27.5","7.84","35.0"
"12",2018-06-17 00:40:00,"27.7","7.38","31.4","27.6","7.61","33.7","27.5","7.84","35.0"
"13",2018-06-17 00:45:00,"27.7","7.38","31.4","27.6","7.61","33.8","27.5","7.84","35.0"
"14",2018-06-17 00:50:00,"27.7","7.38","31.4","27.6","7.61","33.6","27.5","7.84","35.0"
"15",2018-06-17 00:55:00,"27.7","7.41","31.4","27.6","7.61","33.6","27.5","7.84","35.0"
"16",2018-06-17 01:00:00,"27.6","7.40","31.4","27.6","7.61","33.6","27.5","7.84","34.9"
"17",2018-06-17 01:05:00,"27.6","7.38","31.4","27.6","7.61","33.6","27.5","7.84","34.9"
"18",2018-06-17 01:10:00,"27.6","7.38","31.4","27.6","7.61","33.6","27.5","7.84","34.9"
"19",2018-06-17 01:15:00,"27.6","7.38","31.4","27.6","7.61","33.6","27.5","7.84","34.9"
"20",2018-06-17 01:20:00,"27.6","7.37","31.4","27.6","7.61","33.5","27.4","7.84","34.9"
"21",2018-06-17 01:25:00,"27.6","7.39","31.4","27.6","7.61","33.5","27.4","7.84","34.9"
"22",2018-06-17 01:30:00,"27.6","7.41","31.4","27.5","7.61","33.5","27.4","7.84","34.9"
"23",2018-06-17 01:35:00,"27.6","7.39","31.4","27.5","7.61","33.5","27.4","7.84","34.9"
"24",2018-06-17 01:40:00,"27.6","7.39","31.4","27.5","7.61","33.5","27.4","7.84","34.9"
"25",2018-06-17 01:45:00,"27.6","7.37","31.4","27.5","7.61","33.5","27.3","7.84","34.9"
"26",2018-06-17 01:50:00,"27.5","7.38","31.4","27.5","7.61","33.6","27.3","7.84","34.9"
"27",2018-06-17 01:55:00,"27.5","7.39","31.3","27.5","7.61","33.6","27.3","7.84","34.9"
"28",2018-06-17 02:00:00,"27.5","7.41","31.3","27.5","7.61","33.5","27.3","7.84","34.9"
"29",2018-06-17 02:05:00,"27.5","7.40","31.3","27.5","7.61","33.5","27.3","7.84","34.9"
"30",2018-06-17 02:10:00,"27.5","7.37","31.3","27.5","7.61","33.5","27.3","7.84","34.9"
"31",2018-06-17 02:15:00,"27.5","7.37","31.3","27.5","7.61","33.5","27.3","7.84","34.9"
"32",2018-06-17 02:20:00,"27.5","7.38","31.3","27.5","7.61","33.5","27.3","7.84","34.9"
"33",2018-06-17 02:25:00,"27.5","7.41","31.3","27.5","7.61","33.5","27.3","7.84","34.9"
"34",2018-06-17 02:30:00,"27.5","7.40","31.3","27.4","7.61","33.5","27.3","7.84","34.9"
"35",2018-06-17 02:35:00,"27.5","7.38","31.3","27.4","7.61","33.5","27.3","7.84","34.8"
"36",2018-06-17 02:40:00,"27.5","7.38","31.3","27.4","7.61","33.5","27.3","7.84","34.9"
"37",2018-06-17 02:45:00,"27.5","7.37","31.3","27.4","7.59","33.5","27.3","7.84","34.8"
"38",2018-06-17 02:50:00,"27.5","7.39","31.3","27.4","7.61","33.5","27.3","7.84","34.9"
"39",2018-06-17 02:55:00,"27.5","7.40","31.3","27.4","7.61","33.4","27.3","7.84","34.7"
"40",2018-06-17 03:00:00,"27.5","7.39","31.3","27.4","7.61","33.4","27.3","7.84","34.9"
"41",2018-06-17 03:05:00,"27.5","7.37","31.3","27.4","7.61","33.4","27.3","7.84","34.8"
"42",2018-06-17 03:10:00,"27.5","7.38","31.4","27.3","7.61","33.5","27.2","7.84","34.8"
"43",2018-06-17 03:15:00,"27.4","7.38","31.4","27.3","7.61","33.5","27.2","7.84","34.8"
"44",2018-06-17 03:20:00,"27.4","7.41","31.4","27.3","7.61","33.3","27.2","7.84","34.8"
"45",2018-06-17 03:25:00,"27.4","7.40","31.2","27.3","7.61","33.5","27.2","7.84","34.7"
"46",2018-06-17 03:30:00,"27.4","7.38","31.3","27.3","7.61","33.5","27.2","7.84","34.8"
"47",2018-06-17 03:35:00,"27.4","7.38","31.2","27.3","7.61","33.5","27.2","7.84","34.8"
"48",2018-06-17 03:40:00,"27.4","7.37","31.2","27.3","7.61","33.5","27.2","7.84","34.8"
"49",2018-06-17 03:45:00,"27.4","7.38","31.4","27.3","7.59","33.3","27.2","7.84","34.8"
"50",2018-06-17 03:50:00,"27.4","7.41","31.2","27.3","7.61","33.4","27.2","7.84","34.8"
"51",2018-06-17 03:55:00,"27.4","7.40","31.3","27.3","7.61","33.3","27.2","7.84","34.8"
"52",2018-06-17 04:00:00,"27.4","7.37","31.2","27.3","7.61","33.4","27.2","7.84","34.8"
"53",2018-06-17 04:05:00,"27.3","7.38","31.2","27.3","7.61","33.4","27.2","7.84","34.8"
"54",2018-06-17 04:10:00,"27.3","7.37","31.3","27.3","7.61","33.3","27.2","7.84","34.8"
"55",2018-06-17 04:15:00,"27.3","7.41","31.2","27.3","7.61","33.4","27.2","7.84","34.8"
"56",2018-06-17 04:20:00,"27.3","7.40","31.2","27.3","7.61","33.4","27.2","7.84","34.8"
"57",2018-06-17 04:25:00,"27.3","7.38","31.2","27.3","7.59","33.3","27.2","7.84","34.8"
"58",2018-06-17 04:30:00,"27.3","7.37","31.2","27.3","7.61","33.3","27.2","7.84","34.8"
"59",2018-06-17 04:35:00,"27.3","7.41","31.2","27.3","7.61","33.4","27.2","7.84","34.7"
"60",2018-06-17 04:40:00,"27.3","7.39","31.2","27.2","7.59","33.3","27.2","7.82","34.6"
"61",2018-06-17 04:45:00,"27.3","7.37","31.2","27.2","7.59","33.3","27.2","7.82","34.7"
"62",2018-06-17 04:50:00,"27.3","7.38","31.2","27.2","7.61","33.3","27.2","7.81","34.6"
"63",2018-06-17 04:55:00,"27.3","7.41","31.2","27.2","7.59","33.3","27.2","7.81","34.6"
"64",2018-06-17 05:00:00,"27.3","7.37","31.1","27.2","7.59","33.4","27.2","7.79","34.6"
"65",2018-06-17 05:05:00,"27.3","7.37","31.1","27.2","7.61","33.3","27.2","7.79","34.6"
"66",2018-06-17 05:10:00,"27.3","7.37","31.1","27.2","7.61","33.3","27.1","7.79","34.6"
"67",2018-06-17 05:15:00,"27.3","7.40","31.1","27.2","7.59","33.3","27.1","7.78","34.6"
"68",2018-06-17 05:20:00,"27.3","7.37","31.1","27.2","7.59","33.3","27.1","7.78","34.6"
"69",2018-06-17 05:25:00,"27.3","7.37","31.2","27.2","7.61","33.3","27.1","7.78","34.6"
"70",2018-06-17 05:30:00,"27.3","7.40","31.2","27.2","7.59","33.3","27.1","7.77","34.6"
"71",2018-06-17 05:35:00,"27.2","7.37","31.1","27.2","7.59","33.2","27.1","7.77","34.6"
"72",2018-06-17 05:40:00,"27.2","7.38","31.1","27.2","7.61","33.3","27.1","7.77","34.6"
"73",2018-06-17 05:45:00,"27.2","7.41","31.1","27.2","7.61","33.3","27.1","7.77","34.6"
"74",2018-06-17 05:50:00,"27.2","7.37","31.1","27.2","7.59","33.3","27.1","7.77","34.6"
"75",2018-06-17 05:55:00,"27.2","7.37","31.1","27.1","7.59","33.3","27.1","7.77","34.6"
"76",2018-06-17 06:00:00,"27.2","7.41","31.1","27.1","7.61","33.3","27.1","7.77","34.6"
"77",2018-06-17 06:05:00,"27.2","7.39","31.1","27.1","7.59","33.2","27.0","7.78","34.6"
"78",2018-06-17 06:10:00,"27.2","7.37","31.1","27.1","7.59","33.1","27.0","7.78","34.6"
"79",2018-06-17 06:15:00,"27.2","7.38","31.0","27.1","7.61","33.1","27.0","7.78","34.5"
"80",2018-06-17 06:20:00,"27.2","7.40","31.1","27.1","7.61","33.1","27.0","7.78","34.5"
"81",2018-06-17 06:25:00,"27.2","7.37","31.1","27.1","7.59","33.1","27.0","7.78","34.5"
"82",2018-06-17 06:30:00,"27.2","7.37","31.1","27.1","7.61","33.1","27.0","7.79","34.5"
"83",2018-06-17 06:35:00,"27.2","7.40","31.0","27.1","7.61","33.1","27.0","7.79","34.5"
"84",2018-06-17 06:40:00,"27.2","7.39","31.0","27.1","7.59","33.1","27.0","7.79","34.5"
"85",2018-06-17 06:45:00,"27.2","7.37","31.1","27.1","7.59","33.1","27.0","7.79","34.5"
"86",2018-06-17 06:50:00,"27.2","7.39","31.1","27.1","7.61","33.1","27.0","7.79","34.5"
"87",2018-06-17 06:55:00,"27.2","7.39","31.1","27.1","7.59","33.1","27.0","7.79","34.5"
"88",2018-06-17 07:00:00,"27.2","7.37","31.1","27.1","7.59","33.2","27.0","7.79","34.5"
"89",2018-06-17 07:05:00,"27.2","7.38","31.0","27.1","7.61","33.2","27.0","7.79","34.4"
"90",2018-06-17 07:10:00,"27.1","7.40","31.0","27.1","7.61","33.1","27.0","7.79","34.4"
"91",2018-06-17 07:15:00,"27.1","7.37","30.9","27.1","7.59","33.0","27.0","7.79","34.4"
"92",2018-06-17 07:20:00,"27.1","7.37","31.1","27.1","7.59","33.1","27.0","7.79","34.4"
"93",2018-06-17 07:25:00,"27.1","7.40","31.1","27.1","7.61","33.0","27.0","7.79","34.4"
"94",2018-06-17 07:30:00,"27.1","7.37","31.1","27.1","7.59","33.0","27.0","7.79","34.4"
"95",2018-06-17 07:35:00,"27.1","7.37","31.1","27.1","7.59","33.0","27.0","7.79","34.4"
"96",2018-06-17 07:40:00,"27.1","7.41","31.1","27.1","7.61","33.0","27.0","7.78","34.4"
"97",2018-06-17 07:45:00,"27.1","7.37","31.1","27.1","7.61","33.0","27.0","7.78","34.4"
"98",2018-06-17 07:50:00,"27.2","7.38","31.1","27.1","7.59","33.0","27.0","7.78","34.4"
"99",2018-06-17 07:55:00,"27.2","7.39","31.1","27.1","7.59","33.0","27.0","7.78","34.4"
"100",2018-06-17 08:00:00,"27.2","7.39","31.1","27.1","7.61","33.0","27.0","7.78","34.4"
"101",2018-06-17 08:05:00,"27.2","7.37","31.1","27.1","7.59","33.0","27.0","7.78","34.4"
"102",2018-06-17 08:10:00,"27.2","7.39","31.1","27.1","7.59","33.0","27.1","7.78","34.5"
"103",2018-06-17 08:15:00,"27.2","7.39","31.1","27.1","7.61","33.0","27.1","7.78","34.6"
"104",2018-06-17 08:20:00,"27.2","7.40","31.1","27.2","7.61","33.0","27.1","7.78","34.6"
"105",2018-06-17 08:25:00,"27.2","7.42","31.1","27.2","7.62","32.9","27.1","7.78","34.5"
"106",2018-06-17 08:30:00,"27.2","7.39","31.1","27.2","7.63","32.9","27.1","7.78","34.6"
"107",2018-06-17 08:35:00,"27.2","7.41","31.1","27.2","7.61","32.9","27.1","7.78","34.6"
"108",2018-06-17 08:40:00,"27.2","7.41","31.1","27.2","7.61","32.9","27.1","7.78","34.6"
"109",2018-06-17 08:45:00,"27.2","7.39","31.1","27.2","7.63","32.9","27.1","7.78","34.6"
"110",2018-06-17 08:50:00,"27.2","7.41","31.2","27.2","7.63","32.9","27.1","7.78","34.6"
"111",2018-06-17 08:55:00,"27.3","7.41","31.1","27.2","7.61","32.9","27.1","7.78","34.6"
"112",2018-06-17 09:00:00,"27.3","7.39","31.1","27.2","7.61","32.9","27.1","7.78","34.6"
"113",2018-06-17 09:05:00,"27.3","7.43","31.1","27.2","7.63","32.8","27.1","7.78","34.6"
"114",2018-06-17 09:10:00,"27.3","7.41","31.2","27.2","7.63","32.9","27.1","7.78","34.6"
"115",2018-06-17 09:15:00,"27.3","7.39","31.2","27.2","7.61","32.9","27.2","7.78","34.6"
"116",2018-06-17 09:20:00,"27.3","7.40","31.2","27.2","7.63","32.9","27.2","7.79","34.6"
"117",2018-06-17 09:25:00,"27.3","7.42","31.2","27.3","7.63","32.9","27.2","7.79","34.6"
"118",2018-06-17 09:30:00,"27.3","7.39","31.2","27.3","7.63","32.8","27.2","7.81","34.6"
"119",2018-06-17 09:35:00,"27.3","7.39","31.2","27.3","7.61","32.9","27.2","7.81","34.6"
"120",2018-06-17 09:40:00,"27.3","7.43","31.3","27.3","7.61","32.7","27.2","7.81","34.6"
"121",2018-06-17 09:45:00,"27.3","7.39","31.1","27.3","7.63","32.7","27.2","7.81","34.6"
"122",2018-06-17 09:50:00,"27.3","7.46","31.1","27.3","7.63","32.8","27.2","7.81","34.7"
"123",2018-06-17 09:55:00,"27.4","7.43","31.1","27.3","7.63","32.7","27.2","7.80","34.6"
"124",2018-06-17 10:00:00,"27.4","7.42","31.1","27.3","7.65","32.7","27.2","7.80","34.6"
"125",2018-06-17 10:05:00,"27.4","7.44","31.1","27.3","7.66","32.7","27.2","7.80","34.7"
"126",2018-06-17 10:10:00,"27.4","7.42","31.1","27.3","7.64","32.7","27.2","7.80","34.7"
"127",2018-06-17 10:15:00,"27.4","7.42","31.1","27.3","7.64","32.6","27.2","7.80","34.7"
"128",2018-06-17 10:20:00,"27.4","7.43","31.1","27.3","7.64","32.6","27.3","7.80","34.7"
"129",2018-06-17 10:25:00,"27.4","7.45","31.1","27.4","7.66","32.6","27.3","7.80","34.7"
"130",2018-06-17 10:30:00,"27.5","7.42","31.1","27.4","7.64","32.6","27.3","7.80","34.7"
"131",2018-06-17 10:35:00,"27.5","7.42","31.2","27.4","7.64","32.6","27.3","7.80","34.7"
"132",2018-06-17 10:40:00,"27.5","7.46","31.1","27.4","7.64","32.6","27.3","7.80","34.7"
"133",2018-06-17 10:45:00,"27.5","7.42","31.1","27.4","7.66","32.6","27.3","7.80","34.7"
"134",2018-06-17 10:50:00,"27.5","7.42","31.1","27.5","7.64","32.5","27.3","7.80","34.7"
"135",2018-06-17 10:55:00,"27.5","7.45","31.2","27.5","7.64","32.5","27.3","7.80","34.7"
"136",2018-06-17 11:00:00,"27.5","7.45","31.2","27.5","7.66","32.5","27.3","7.80","34.7"
"137",2018-06-17 11:05:00,"27.5","7.42","31.3","27.5","7.64","32.5","27.3","7.80","34.7"
"138",2018-06-17 11:10:00,"27.5","7.42","31.4","27.5","7.64","32.5","27.3","7.80","34.7"
"139",2018-06-17 11:15:00,"27.5","7.46","31.4","27.5","7.64","32.5","27.3","7.81","34.8"
"140",2018-06-17 11:20:00,"27.6","7.45","31.4","27.5","7.67","32.4","27.4","7.81","34.8"
"141",2018-06-17 11:25:00,"27.6","7.48","31.4","27.5","7.69","32.4","27.4","7.81","34.8"
"142",2018-06-17 11:30:00,"27.6","7.47","31.4","27.5","7.69","32.4","27.4","7.82","34.8"
"143",2018-06-17 11:35:00,"27.6","7.45","31.4","27.6","7.67","32.4","27.4","7.82","34.8"
"144",2018-06-17 11:40:00,"27.6","7.46","31.4","27.6","7.67","32.4","27.4","7.82","34.8"
"145",2018-06-17 11:45:00,"27.6","7.47","31.4","27.6","7.67","32.4","27.5","7.83","34.9"
"146",2018-06-17 11:50:00,"27.6","7.46","31.4","27.6","7.69","32.4","27.5","7.83","34.8"
"147",2018-06-17 11:55:00,"27.6","7.46","31.4","27.6","7.69","32.4","27.5","7.83","34.9"
"148",2018-06-17 12:00:00,"27.6","7.46","31.4","27.6","7.67","32.4","27.5","7.83","34.9"
"149",2018-06-17 12:05:00,"27.6","7.45","31.4","27.6","7.67","32.3","27.5","7.84","34.9"
"150",2018-06-17 12:10:00,"27.7","7.46","31.4","27.6","7.69","32.2","27.5","7.84","34.9"
"151",2018-06-17 12:15:00,"27.7","7.48","31.4","27.6","7.69","32.2","27.5","7.84","34.9"
"152",2018-06-17 12:20:00,"27.7","7.46","31.2","27.6","7.67","32.2","27.5","7.84","34.9"
"153",2018-06-17 12:25:00,"27.7","7.46","31.4","27.7","7.67","32.0","27.5","7.85","34.9"
"154",2018-06-17 12:30:00,"27.7","7.45","31.4","27.7","7.69","31.9","27.5","7.85","34.9"
"155",2018-06-17 12:35:00,"27.7","7.49","31.2","27.7","7.69","32.4","27.5","7.85","34.9"
"156",2018-06-17 12:40:00,"27.7","7.47","30.8","27.7","7.67","32.4","27.5","7.86","34.9"
"157",2018-06-17 12:45:00,"27.7","7.48","31.3","27.7","7.67","32.4","27.6","7.86","34.9"
"158",2018-06-17 12:50:00,"27.8","7.45","31.1","27.7","7.69","32.4","27.6","7.86","35.0"
"159",2018-06-17 12:55:00,"27.8","7.45","30.9","27.7","7.69","32.4","27.6","7.86","35.0"
"160",2018-06-17 13:00:00,"27.8","7.46","31.1","27.8","7.67","32.4","27.6","7.86","35.0"
"161",2018-06-17 13:05:00,"27.8","7.47","30.8","27.8","7.67","32.4","27.6","7.87","35.0"
"162",2018-06-17 13:10:00,"27.8","7.48","30.5","27.8","7.69","32.4","27.6","7.87","35.1"
"163",2018-06-17 13:15:00,"27.8","7.49","30.8","27.8","7.69","32.4","27.7","7.87","35.1"
"164",2018-06-17 13:20:00,"27.9","7.47","31.4","27.8","7.69","32.4","27.7","7.87","35.1"
"165",2018-06-17 13:25:00,"27.9","7.48","31.1","27.8","7.69","32.4","27.7","7.87","35.1"
"166",2018-06-17 13:30:00,"27.9","7.48","30.8","27.9","7.70","32.3","27.7","7.87","35.1"
"167",2018-06-17 13:35:00,"28.0","7.49","31.4","27.9","7.71","32.3","27.7","7.87","35.2"
"168",2018-06-17 13:40:00,"28.0","7.50","31.4","27.9","7.71","32.3","27.7","7.87","35.2"
"169",2018-06-17 13:45:00,"28.0","7.49","31.5","28.0","7.69","32.3","27.7","7.87","35.2"
"170",2018-06-17 13:50:00,"28.0","7.47","31.5","28.0","7.69","32.3","27.8","7.87","35.2"
"171",2018-06-17 13:55:00,"28.0","7.47","31.5","28.0","7.71","32.3","27.8","7.87","35.2"
"172",2018-06-17 14:00:00,"28.0","7.49","31.2","28.0","7.71","32.2","27.8","7.87","35.2"
"173",2018-06-17 14:05:00,"28.0","7.48","30.8","28.0","7.69","32.2","27.8","7.88","35.2"
"174",2018-06-17 14:10:00,"28.0","7.49","31.5","28.0","7.69","32.2","27.8","7.88","35.2"
"175",2018-06-17 14:15:00,"28.0","7.48","31.6","28.0","7.71","32.2","27.8","7.88","35.2"
"176",2018-06-17 14:20:00,"28.0","7.48","31.6","28.0","7.71","32.2","27.8","7.88","35.2"
"177",2018-06-17 14:25:00,"28.0","7.48","31.6","28.0","7.69","32.2","27.8","7.88","35.2"
"178",2018-06-17 14:30:00,"28.0","7.51","31.4","28.0","7.69","32.2","27.8","7.88","35.2"
"179",2018-06-17 14:35:00,"28.0","7.49","31.3","28.0","7.71","32.1","27.8","7.88","35.2"
"180",2018-06-17 14:40:00,"28.1","7.49","31.0","28.0","7.71","32.2","27.8","7.88","35.2"
"181",2018-06-17 14:45:00,"28.1","7.47","31.5","28.1","7.69","32.1","27.8","7.88","35.2"
"182",2018-06-17 14:50:00,"28.1","7.49","31.5","28.1","7.69","32.0","27.8","7.88","35.2"
"183",2018-06-17 14:55:00,"28.1","7.50","31.5","28.1","7.71","32.0","27.8","7.88","35.2"
"184",2018-06-17 15:00:00,"28.1","7.48","31.1","28.1","7.71","31.9","27.9","7.88","35.3"
"185",2018-06-17 15:05:00,"28.1","7.47","30.9","28.1","7.69","31.9","27.9","7.88","35.3"
"186",2018-06-17 15:10:00,"28.1","7.49","30.6","28.1","7.69","31.9","27.9","7.88","35.3"
"187",2018-06-17 15:15:00,"28.1","7.47","31.4","28.1","7.69","31.9","27.9","7.88","35.3"
"188",2018-06-17 15:20:00,"28.1","7.48","31.1","28.1","7.69","31.9","27.9","7.88","35.3"
"189",2018-06-17 15:25:00,"28.1","7.45","30.8","28.1","7.69","31.8","27.9","7.88","35.3"
"190",2018-06-17 15:30:00,"28.1","7.45","31.5","28.1","7.69","31.8","27.9","7.88","35.3"
"191",2018-06-17 15:35:00,"28.1","7.47","31.5","28.1","7.68","31.6","27.9","7.88","35.3"
"192",2018-06-17 15:40:00,"28.1","7.48","31.2","28.1","7.68","31.4","27.9","7.88","35.3"
"193",2018-06-17 15:45:00,"28.1","7.46","31.6","28.2","7.70","31.1","27.9","7.88","35.3"
"194",2018-06-17 15:50:00,"28.1","7.47","31.6","28.2","7.70","31.4","27.9","7.88","35.3"
"195",2018-06-17 15:55:00,"28.1","7.47","31.6","28.2","7.68","31.3","27.9","7.88","35.3"
"196",2018-06-17 16:00:00,"28.1","7.46","31.6","28.1","7.68","31.2","27.9","7.88","35.3"
"197",2018-06-17 16:05:00,"28.1","7.46","31.4","28.1","7.70","31.1","27.9","7.88","35.3"
"198",2018-06-17 16:10:00,"28.1","7.47","31.2","28.1","7.70","31.0","27.9","7.88","35.3"
"199",2018-06-17 16:15:00,"28.1","7.48","30.9","28.1","7.68","30.8","27.9","7.88","35.3"
"200",2018-06-17 16:20:00,"28.1","7.47","30.6","28.1","7.68","30.8","27.9","7.88","35.3"
"201",2018-06-17 16:25:00,"28.1","7.47","31.4","28.1","7.70","30.6","27.9","7.88","35.3"
"202",2018-06-17 16:30:00,"28.1","7.49","31.3","28.1","7.70","30.6","27.9","7.88","35.3"
"203",2018-06-17 16:35:00,"28.1","7.48","31.1","28.1","7.68","30.4","27.9","7.88","35.3"
"204",2018-06-17 16:40:00,"28.1","7.47","30.6","28.1","7.68","30.3","27.9","7.88","35.3"
"205",2018-06-17 16:45:00,"28.1","7.45","31.6","28.1","7.70","30.2","27.9","7.88","35.3"
"206",2018-06-17 16:50:00,"28.1","7.45","31.4","28.1","7.70","30.1","27.8","7.88","35.3"
"207",2018-06-17 16:55:00,"28.1","7.49","31.2","28.1","7.68","29.9","27.8","7.88","35.3"
"208",2018-06-17 17:00:00,"28.1","7.48","30.9","28.1","7.68","29.8","27.8","7.88","35.2"
"209",2018-06-17 17:05:00,"28.1","7.46","30.6","28.1","7.70","29.6","27.8","7.88","35.2"
"210",2018-06-17 17:10:00,"28.1","7.47","31.6","28.1","7.70","29.5","27.8","7.88","35.2"
"211",2018-06-17 17:15:00,"28.1","7.47","31.4","28.1","7.68","29.3","27.8","7.88","35.2"
"212",2018-06-17 17:20:00,"28.1","7.45","31.2","28.1","7.68","29.1","27.8","7.88","35.2"
"213",2018-06-17 17:25:00,"28.1","7.43","30.9","28.1","7.68","28.8","27.8","7.88","35.2"
"214",2018-06-17 17:30:00,"28.1","7.45","31.6","28.1","7.67","28.6","27.8","7.88","35.2"
"215",2018-06-17 17:35:00,"28.1","7.42","31.6","28.1","7.67","28.4","27.8","7.88","35.2"
"216",2018-06-17 17:40:00,"28.1","7.42","31.6","28.1","7.66","28.1","27.8","7.88","35.2"
"217",2018-06-17 17:45:00,"28.1","7.42","31.6","28.1","7.66","27.8","27.8","7.88","35.2"
"218",2018-06-17 17:50:00,"28.1","7.42","31.6","28.1","7.66","27.6","27.8","7.88","35.2"
"219",2018-06-17 17:55:00,"28.1","7.43","31.6","28.1","7.66","27.3","27.8","7.88","35.2"
"220",2018-06-17 18:00:00,"28.1","7.46","31.4","28.1","7.65","27.2","27.8","7.88","35.2"
"221",2018-06-17 18:05:00,"28.1","7.45","31.3","28.1","7.65","27.1","27.8","7.88","35.2"
"222",2018-06-17 18:10:00,"28.0","7.42","31.0","28.1","7.67","27.1","27.8","7.88","35.2"
"223",2018-06-17 18:15:00,"28.0","7.42","30.7","28.1","7.67","28.2","27.8","7.88","35.2"
"224",2018-06-17 18:20:00,"28.0","7.42","31.6","28.0","7.65","31.7","27.8","7.88","35.2"
"225",2018-06-17 18:25:00,"28.0","7.46","31.6","28.0","7.65","31.7","27.8","7.88","35.2"
"226",2018-06-17 18:30:00,"28.0","7.42","31.6","28.0","7.67","31.6","27.8","7.88","35.2"
"227",2018-06-17 18:35:00,"28.0","7.42","31.6","28.0","7.64","31.6","27.8","7.88","35.2"
"228",2018-06-17 18:40:00,"28.0","7.42","31.6","28.0","7.63","31.6","27.8","7.88","35.2"
"229",2018-06-17 18:45:00,"28.0","7.44","31.6","28.0","7.63","31.6","27.8","7.88","35.1"
"230",2018-06-17 18:50:00,"28.0","7.43","31.4","28.0","7.62","31.6","27.7","7.88","35.1"
"231",2018-06-17 18:55:00,"28.0","7.40","31.1","28.0","7.61","31.5","27.7","7.88","35.1"
"232",2018-06-17 19:00:00,"28.0","7.39","30.8","28.0","7.61","31.5","27.7","7.88","35.1"
"233",2018-06-17 19:05:00,"28.0","7.40","31.4","28.0","7.61","31.5","27.7","7.88","35.1"
"234",2018-06-17 19:10:00,"28.0","7.42","31.4","28.0","7.61","31.5","27.7","7.88","35.1"
"235",2018-06-17 19:15:00,"28.0","7.41","31.1","28.0","7.60","31.5","27.7","7.88","35.1"
"236",2018-06-17 19:20:00,"28.0","7.39","31.3","28.0","7.60","31.6","27.7","7.88","35.1"
"237",2018-06-17 19:25:00,"28.0","7.40","31.6","28.0","7.60","31.5","27.7","7.88","35.1"
"238",2018-06-17 19:30:00,"28.0","7.42","31.3","28.0","7.62","31.5","27.7","7.88","35.1"
"239",2018-06-17 19:35:00,"28.0","7.39","31.1","28.0","7.63","31.5","27.7","7.88","35.1"
"240",2018-06-17 19:40:00,"28.0","7.39","30.9","28.0","7.60","31.4","27.7","7.88","35.1"
"241",2018-06-17 19:45:00,"28.0","7.41","31.6","28.0","7.59","31.4","27.7","7.88","35.1"
"242",2018-06-17 19:50:00,"28.0","7.42","31.6","28.0","7.59","31.4","27.7","7.88","35.1"
"243",2018-06-17 19:55:00,"28.0","7.39","31.6","28.0","7.61","31.4","27.7","7.88","35.1"
"244",2018-06-17 20:00:00,"28.0","7.39","31.6","28.0","7.63","31.3","27.7","7.88","35.1"
"245",2018-06-17 20:05:00,"28.0","7.43","31.6","28.0","7.60","31.3","27.7","7.88","35.1"
"246",2018-06-17 20:10:00,"28.0","7.41","31.6","28.0","7.60","31.3","27.7","7.88","35.1"
"247",2018-06-17 20:15:00,"28.0","7.39","31.6","28.0","7.59","31.3","27.7","7.88","35.1"
"248",2018-06-17 20:20:00,"28.0","7.37","31.6","28.0","7.61","31.3","27.7","7.88","35.1"
"249",2018-06-17 20:25:00,"27.9","7.37","31.6","27.8","7.57","31.2","27.7","7.88","35.0"
"250",2018-06-17 20:30:00,"27.9","7.40","31.6","27.8","7.57","31.2","27.7","7.88","35.0"
"251",2018-06-17 20:35:00,"27.9","7.39","31.6","27.8","7.59","31.1","27.7","7.88","35.0"
"252",2018-06-17 20:40:00,"27.9","7.37","31.6","27.8","7.60","31.1","27.6","7.88","35.0"
"253",2018-06-17 20:45:00,"27.9","7.39","31.6","27.8","7.59","31.1","27.6","7.88","35.0"
"254",2018-06-17 20:50:00,"27.9","7.39","31.6","27.8","7.57","31.1","27.6","7.88","35.0"
"255",2018-06-17 20:55:00,"27.8","7.37","31.6","27.8","7.57","31.1","27.6","7.88","35.0"
"256",2018-06-17 21:00:00,"27.8","7.38","31.6","27.8","7.60","31.1","27.6","7.88","35.0"
"257",2018-06-17 21:05:00,"27.8","7.40","31.5","27.8","7.61","31.1","27.6","7.88","35.0"
"258",2018-06-17 21:10:00,"27.8","7.37","31.4","27.7","7.58","31.0","27.6","7.87","34.9"
"259",2018-06-17 21:15:00,"27.8","7.37","31.2","27.7","7.58","31.0","27.6","7.87","34.9"
"260",2018-06-17 21:20:00,"27.8","7.41","31.5","27.7","7.59","30.9","27.6","7.87","34.9"
"261",2018-06-17 21:25:00,"27.8","7.39","31.6","27.7","7.60","30.9","27.6","7.87","34.9"
"262",2018-06-17 21:30:00,"27.8","7.37","31.6","27.7","7.59","30.8","27.6","7.87","34.9"
"263",2018-06-17 21:35:00,"27.8","7.38","31.6","27.7","7.57","30.8","27.5","7.87","34.9"
"264",2018-06-17 21:40:00,"27.8","7.40","31.6","27.7","7.57","30.8","27.5","7.87","34.9"
"265",2018-06-17 21:45:00,"27.7","7.37","31.4","27.7","7.59","30.7","27.5","7.87","34.9"
"266",2018-06-17 21:50:00,"27.7","7.38","31.3","27.6","7.61","30.7","27.5","7.87","34.9"
"267",2018-06-17 21:55:00,"27.7","7.41","31.0","27.6","7.57","30.6","27.5","7.87","34.9"
"268",2018-06-17 22:00:00,"27.7","7.39","31.5","27.6","7.57","30.6","27.5","7.87","34.9"
"269",2018-06-17 22:05:00,"27.7","7.37","31.5","27.6","7.59","30.6","27.5","7.87","34.9"
"270",2018-06-17 22:10:00,"27.7","7.38","31.5","27.6","7.60","30.5","27.5","7.87","34.9"
"271",2018-06-17 22:15:00,"27.7","7.39","31.5","27.6","7.59","30.4","27.5","7.87","34.9"
"272",2018-06-17 22:20:00,"27.7","7.40","31.5","27.6","7.57","30.4","27.5","7.87","34.9"
"273",2018-06-17 22:25:00,"27.7","7.37","31.5","27.6","7.57","30.4","27.5","7.87","34.9"
"274",2018-06-17 22:30:00,"27.7","7.38","31.5","27.6","7.59","30.4","27.4","7.87","34.9"
"275",2018-06-17 22:35:00,"27.7","7.38","31.2","27.6","7.61","30.3","27.4","7.87","34.9"
"276",2018-06-17 22:40:00,"27.6","7.40","31.1","27.5","7.57","30.2","27.4","7.87","34.9"
"277",2018-06-17 22:45:00,"27.6","7.39","30.8","27.5","7.57","30.3","27.4","7.87","34.9"
"278",2018-06-17 22:50:00,"27.6","7.37","31.4","27.5","7.59","30.3","27.4","7.87","34.9"
"279",2018-06-17 22:55:00,"27.6","7.38","31.5","27.5","7.60","30.1","27.4","7.87","34.9"
"280",2018-06-17 23:00:00,"27.6","7.41","31.5","27.5","7.59","30.1","27.3","7.87","34.8"
"281",2018-06-17 23:05:00,"27.6","7.39","31.4","27.5","7.57","30.1","27.3","7.87","34.8"
"282",2018-06-17 23:10:00,"27.6","7.37","31.2","27.5","7.59","30.0","27.3","7.87","34.8"
"283",2018-06-17 23:15:00,"27.6","7.38","30.9","27.5","7.60","30.0","27.3","7.87","34.8"
"284",2018-06-17 23:20:00,"27.6","7.41","30.7","27.5","7.59","29.9","27.3","7.87","34.8"
"285",2018-06-17 23:25:00,"27.6","7.39","31.4","27.5","7.57","29.9","27.3","7.88","34.8"
"286",2018-06-17 23:30:00,"27.6","7.37","31.4","27.5","7.57","29.8","27.3","7.88","34.8"
"287",2018-06-17 23:35:00,"27.6","7.37","31.4","27.5","7.60","29.8","27.3","7.88","34.8"
"288",2018-06-17 23:40:00,"27.6","7.38","31.4","27.5","7.61","29.8","27.3","7.88","34.8"
"289",2018-06-17 23:45:00,"27.6","7.41","31.4","27.5","7.57","29.7","27.3","7.88","34.8"
"290",2018-06-17 23:50:00,"27.5","7.39","31.4","27.5","7.57","29.7","27.3","7.88","34.8"
"291",2018-06-17 23:55:00,"27.5","7.39","31.4","27.4","7.59","29.6","27.3","7.88","34.8"
"292",2018-06-18 00:00:00,"27.5","7.38","31.4","27.4","7.61","29.6","27.3","7.88","34.8"
"293",2018-06-18 00:05:00,"27.5","7.38","31.4","27.4","7.57","29.6","27.3","7.88","34.8"
"294",2018-06-18 00:10:00,"27.5","7.41","31.4","27.4","7.57","29.6","27.3","7.88","34.8"
"295",2018-06-18 00:15:00,"27.5","7.39","31.4","27.4","7.59","29.6","27.3","7.88","34.8"
"296",2018-06-18 00:20:00,"27.5","7.37","31.4","27.4","7.60","29.6","27.3","7.88","34.8"
"297",2018-06-18 00:25:00,"27.5","7.37","31.4","27.4","7.59","29.5","27.3","7.88","34.7"
"298",2018-06-18 00:30:00,"27.5","7.38","31.4","27.4","7.57","29.5","27.3","7.88","34.8"
"299",2018-06-18 00:35:00,"27.5","7.40","31.4","27.4","7.59","29.5","27.3","7.89","34.8"
"300",2018-06-18 00:40:00,"27.5","7.38","31.4","27.4","7.60","29.4","27.3","7.89","34.8"
"301",2018-06-18 00:45:00,"27.5","7.38","31.4","27.4","7.59","29.4","27.3","7.89","34.7"
"302",2018-06-18 00:50:00,"27.5","7.37","31.4","27.4","7.57","29.4","27.3","7.89","34.6"
"303",2018-06-18 00:55:00,"27.5","7.41","31.4","27.3","7.57","29.3","27.2","7.89","34.6"
"304",2018-06-18 01:00:00,"27.5","7.39","31.4","27.3","7.60","29.4","27.2","7.89","34.6"
"305",2018-06-18 01:05:00,"27.4","7.37","31.4","27.3","7.61","29.4","27.2","7.89","34.6"
"306",2018-06-18 01:10:00,"27.4","7.37","31.4","27.3","7.57","29.3","27.2","7.89","34.6"
"307",2018-06-18 01:15:00,"27.4","7.41","31.4","27.3","7.57","29.3","27.2","7.89","34.6"
"308",2018-06-18 01:20:00,"27.4","7.39","31.4","27.3","7.59","29.3","27.2","7.89","34.6"
"309",2018-06-18 01:25:00,"27.4","7.37","31.4","27.3","7.61","29.2","27.2","7.89","34.6"
"310",2018-06-18 01:30:00,"27.4","7.37","31.4","27.3","7.57","29.2","27.2","7.89","34.6"
"311",2018-06-18 01:35:00,"27.4","7.39","31.4","27.3","7.57","29.1","27.2","7.89","34.6"
"312",2018-06-18 01:40:00,"27.4","7.40","31.3","27.3","7.59","29.1","27.2","7.89","34.6"
"313",2018-06-18 01:45:00,"27.4","7.39","31.2","27.3","7.60","29.1","27.2","7.89","34.6"
"314",2018-06-18 01:50:00,"27.4","7.37","31.0","27.3","7.59","29.1","27.2","7.89","34.6"
"315",2018-06-18 01:55:00,"27.3","7.38","31.4","27.3","7.58","29.1","27.2","7.89","34.6"
"316",2018-06-18 02:00:00,"27.3","7.40","31.4","27.3","7.58","29.0","27.2","7.89","34.6"
"317",2018-06-18 02:05:00,"27.3","7.39","31.4","27.3","7.60","29.0","27.2","7.89","34.6"
"318",2018-06-18 02:10:00,"27.3","7.38","31.4","27.3","7.59","28.9","27.2","7.89","34.7"
"319",2018-06-18 02:15:00,"27.3","7.38","31.4","27.3","7.57","28.9","27.2","7.89","34.7"
"320",2018-06-18 02:20:00,"27.3","7.40","31.4","27.3","7.57","28.9","27.2","7.89","34.6"
"321",2018-06-18 02:25:00,"27.3","7.37","31.4","27.3","7.57","28.8","27.2","7.87","34.6"
"322",2018-06-18 02:30:00,"27.3","7.38","31.4","27.2","7.59","28.7","27.2","7.86","34.6"
"323",2018-06-18 02:35:00,"27.3","7.39","31.4","27.2","7.60","28.6","27.1","7.86","34.6"
"324",2018-06-18 02:40:00,"27.3","7.37","31.4","27.2","7.57","28.5","27.1","7.85","34.6"
"325",2018-06-18 02:45:00,"27.3","7.39","31.4","27.2","7.56","28.8","27.1","7.85","34.6"
"326",2018-06-18 02:50:00,"27.3","7.39","31.4","27.2","7.56","28.6","27.1","7.84","34.6"
"327",2018-06-18 02:55:00,"27.3","7.37","31.4","27.2","7.57","28.6","27.1","7.84","34.5"
"328",2018-06-18 03:00:00,"27.3","7.39","31.3","27.2","7.59","28.6","27.1","7.84","34.5"
"329",2018-06-18 03:05:00,"27.3","7.39","31.3","27.2","7.61","28.6","27.1","7.84","34.5"
"330",2018-06-18 03:10:00,"27.2","7.38","31.3","27.2","7.57","28.6","27.1","7.84","34.5"
"331",2018-06-18 03:15:00,"27.2","7.38","31.3","27.2","7.57","28.6","27.1","7.84","34.5"
"332",2018-06-18 03:20:00,"27.2","7.41","31.3","27.2","7.59","28.5","27.1","7.84","34.5"
"333",2018-06-18 03:25:00,"27.2","7.39","31.3","27.2","7.60","28.5","27.1","7.84","34.5"
"334",2018-06-18 03:30:00,"27.2","7.37","31.3","27.2","7.59","28.5","27.1","7.84","34.5"
"335",2018-06-18 03:35:00,"27.2","7.38","31.3","27.2","7.57","28.5","27.1","7.84","34.5"
"336",2018-06-18 03:40:00,"27.2","7.39","31.3","27.2","7.56","28.4","27.1","7.84","34.5"
"337",2018-06-18 03:45:00,"27.2","7.37","31.3","27.2","7.57","28.4","27.1","7.84","34.5"
"338",2018-06-18 03:50:00,"27.2","7.38","31.3","27.2","7.59","28.4","27.1","7.84","34.5"
"339",2018-06-18 03:55:00,"27.2","7.40","31.3","27.2","7.61","28.4","27.1","7.83","34.5"
"340",2018-06-18 04:00:00,"27.2","7.37","31.3","27.2","7.57","28.3","27.1","7.83","34.5"
"341",2018-06-18 04:05:00,"27.2","7.37","31.1","27.2","7.57","28.3","27.1","7.83","34.5"
"342",2018-06-18 04:10:00,"27.2","7.41","31.1","27.2","7.57","28.3","27.1","7.83","34.5"
"343",2018-06-18 04:15:00,"27.2","7.39","31.1","27.2","7.59","28.3","27.1","7.83","34.5"
"344",2018-06-18 04:20:00,"27.2","7.37","31.1","27.1","7.61","28.3","27.1","7.83","34.5"
"345",2018-06-18 04:25:00,"27.2","7.41","31.0","27.1","7.57","28.3","27.1","7.83","34.5"
"346",2018-06-18 04:30:00,"27.2","7.39","30.8","27.1","7.56","28.3","27.0","7.83","34.5"
"347",2018-06-18 04:35:00,"27.2","7.37","30.6","27.1","7.57","28.1","27.0","7.83","34.6"
"348",2018-06-18 04:40:00,"27.2","7.41","31.2","27.1","7.59","28.1","27.0","7.83","34.6"
"349",2018-06-18 04:45:00,"27.2","7.39","31.2","27.1","7.60","28.1","27.0","7.83","34.4"
"350",2018-06-18 04:50:00,"27.2","7.37","31.1","27.1","7.59","28.1","27.0","7.82","34.4"
"351",2018-06-18 04:55:00,"27.2","7.41","30.9","27.1","7.56","28.0","27.0","7.82","34.4"
"352",2018-06-18 05:00:00,"27.2","7.39","30.7","27.1","7.56","28.0","27.0","7.82","34.4"
"353",2018-06-18 05:05:00,"27.2","7.37","30.5","27.1","7.57","27.9","27.0","7.82","34.4"
"354",2018-06-18 05:10:00,"27.2","7.40","31.1","27.1","7.59","27.9","27.0","7.82","34.4"
"355",2018-06-18 05:15:00,"27.2","7.37","31.1","27.1","7.60","27.8","27.0","7.82","34.4"
"356",2018-06-18 05:20:00,"27.1","7.37","30.8","27.1","7.59","27.8","27.0","7.81","34.4"
"357",2018-06-18 05:25:00,"27.1","7.40","30.7","27.1","7.56","27.7","27.0","7.81","34.4"
"358",2018-06-18 05:30:00,"27.1","7.37","31.2","27.1","7.56","27.6","27.0","7.81","34.4"
"359",2018-06-18 05:35:00,"27.1","7.38","31.1","27.1","7.57","27.6","27.0","7.81","34.4"
"360",2018-06-18 05:40:00,"27.1","7.40","31.1","27.1","7.59","27.4","27.0","7.81","34.4"
"361",2018-06-18 05:45:00,"27.1","7.37","31.1","27.1","7.61","27.4","27.0","7.81","34.4"
"362",2018-06-18 05:50:00,"27.1","7.37","31.1","27.1","7.57","27.3","27.0","7.81","34.4"
"363",2018-06-18 05:55:00,"27.1","7.40","31.1","27.1","7.56","27.2","27.0","7.81","34.4"
"364",2018-06-18 06:00:00,"27.1","7.37","31.0","27.1","7.56","27.1","27.0","7.81","34.4"
"365",2018-06-18 06:05:00,"27.1","7.37","30.9","27.1","7.59","27.1","27.0","7.81","34.4"
"366",2018-06-18 06:10:00,"27.1","7.40","30.7","27.1","7.60","27.0","27.0","7.81","34.4"
"367",2018-06-18 06:15:00,"27.1","7.37","30.5","27.1","7.59","26.8","27.0","7.81","34.4"
"368",2018-06-18 06:20:00,"27.1","7.37","31.1","27.1","7.56","26.8","27.0","7.81","34.4"
"369",2018-06-18 06:25:00,"27.1","7.40","31.1","27.0","7.56","26.6","27.0","7.81","34.4"
"370",2018-06-18 06:30:00,"27.1","7.37","31.1","27.0","7.57","26.6","27.0","7.81","34.4"
"371",2018-06-18 06:35:00,"27.1","7.38","31.1","27.0","7.59","26.4","27.0","7.81","34.4"
"372",2018-06-18 06:40:00,"27.1","7.39","31.0","27.0","7.60","26.4","26.9","7.81","34.4"
"373",2018-06-18 06:45:00,"27.1","7.37","31.1","27.0","7.59","26.5","26.9","7.81","34.4"
"374",2018-06-18 06:50:00,"27.1","7.39","31.1","27.0","7.56","26.5","26.9","7.81","34.4"
"375",2018-06-18 06:55:00,"27.1","7.39","31.1","27.0","7.56","26.6","26.9","7.81","34.4"
"376",2018-06-18 07:00:00,"27.1","7.37","31.1","27.0","7.58","32.6","26.9","7.81","34.4"
"377",2018-06-18 07:05:00,"27.1","7.39","31.1","27.0","7.59","32.6","26.9","7.81","34.4"
"378",2018-06-18 07:10:00,"27.1","7.39","31.1","27.0","7.61","32.6","26.9","7.81","34.4"
"379",2018-06-18 07:15:00,"27.1","7.37","31.1","27.0","7.57","32.6","26.9","7.81","34.4"
"380",2018-06-18 07:20:00,"27.1","7.41","31.1","27.1","7.56","32.7","27.0","7.81","34.4"
"381",2018-06-18 07:25:00,"27.1","7.39","31.1","27.1","7.57","32.7","27.0","7.81","34.4"
"382",2018-06-18 07:30:00,"27.1","7.37","31.1","27.1","7.59","32.7","27.0","7.81","34.4"
"383",2018-06-18 07:35:00,"27.1","7.39","31.1","27.1","7.60","33.1","27.0","7.81","34.4"
"384",2018-06-18 07:40:00,"27.1","7.39","31.1","27.1","7.59","33.0","27.0","7.81","34.4"
"385",2018-06-18 07:45:00,"27.1","7.37","31.1","27.1","7.56","33.1","27.0","7.81","34.4"
"386",2018-06-18 07:50:00,"27.1","7.38","31.1","27.1","7.56","33.1","27.0","7.81","34.4"
"387",2018-06-18 07:55:00,"27.1","7.40","31.0","27.1","7.57","33.1","27.0","7.81","34.4"
"388",2018-06-18 08:00:00,"27.1","7.37","31.1","27.1","7.60","33.1","27.0","7.81","34.4"
"389",2018-06-18 08:05:00,"27.1","7.37","31.1","27.1","7.61","33.0","27.0","7.81","34.4"
"390",2018-06-18 08:10:00,"27.1","7.40","31.1","27.1","7.57","33.1","27.0","7.81","34.4"
"391",2018-06-18 08:15:00,"27.1","7.37","31.1","27.2","7.57","33.1","27.0","7.81","34.4"
"392",2018-06-18 08:20:00,"27.1","7.43","31.1","27.2","7.59","33.1","27.0","7.83","34.4"
"393",2018-06-18 08:25:00,"27.2","7.39","31.2","27.2","7.60","33.1","27.0","7.83","34.4"
"394",2018-06-18 08:30:00,"27.2","7.39","31.2","27.2","7.61","33.1","27.0","7.83","34.5"
"395",2018-06-18 08:35:00,"27.2","7.42","31.2","27.2","7.62","33.1","27.1","7.83","34.5"
"396",2018-06-18 08:40:00,"27.2","7.39","31.2","27.2","7.60","33.1","27.1","7.83","34.5"
"397",2018-06-18 08:45:00,"27.2","7.39","31.2","27.2","7.59","33.1","27.1","7.83","34.5"
"398",2018-06-18 08:50:00,"27.2","7.42","31.3","27.3","7.59","33.1","27.1","7.83","34.5"
"399",2018-06-18 08:55:00,"27.2","7.39","31.3","27.3","7.61","33.0","27.1","7.83","34.6"
"400",2018-06-18 09:00:00,"27.3","7.39","31.3","27.3","7.62","33.1","27.1","7.83","34.6"
"401",2018-06-18 09:05:00,"27.3","7.42","31.3","27.3","7.63","33.2","27.2","7.83","34.6"
"402",2018-06-18 09:10:00,"27.3","7.39","31.4","27.3","7.60","33.2","27.2","7.83","34.6"
"403",2018-06-18 09:15:00,"27.3","7.40","31.4","27.3","7.59","33.2","27.2","7.83","34.6"
"404",2018-06-18 09:20:00,"27.3","7.42","31.4","27.4","7.59","33.3","27.2","7.83","34.6"
"405",2018-06-18 09:25:00,"27.5","7.39","31.4","27.4","7.61","33.2","27.2","7.83","34.6"
"406",2018-06-18 09:30:00,"27.5","7.40","31.4","27.4","7.62","33.2","27.2","7.83","34.7"
"407",2018-06-18 09:35:00,"27.5","7.42","31.4","27.5","7.61","33.2","27.3","7.83","34.7"
"408",2018-06-18 09:40:00,"27.5","7.39","31.4","27.5","7.60","33.2","27.3","7.83","34.7"
"409",2018-06-18 09:45:00,"27.5","7.40","31.4","27.5","7.60","33.3","27.3","7.83","34.7"
"410",2018-06-18 09:50:00,"27.6","7.42","31.4","27.5","7.60","33.3","27.3","7.83","34.8"
"411",2018-06-18 09:55:00,"27.6","7.42","31.4","27.6","7.62","33.3","27.3","7.83","34.8"
"412",2018-06-18 10:00:00,"27.6","7.45","31.4","27.6","7.63","33.4","27.4","7.83","34.8"
"413",2018-06-18 10:05:00,"27.6","7.42","31.4","27.6","7.65","33.4","27.4","7.83","34.9"
"414",2018-06-18 10:10:00,"27.6","7.42","31.4","27.6","7.66","33.4","27.5","7.83","34.9"
"415",2018-06-18 10:15:00,"27.7","7.46","31.4","27.6","7.63","33.3","27.5","7.83","34.9"
"416",2018-06-18 10:20:00,"27.7","7.42","31.4","27.7","7.62","33.5","27.5","7.83","34.9"
"417",2018-06-18 10:25:00,"27.7","7.42","31.4","27.7","7.62","33.5","27.5","7.83","34.9"
"418",2018-06-18 10:30:00,"27.7","7.43","31.4","27.7","7.62","33.5","27.5","7.83","34.9"
"419",2018-06-18 10:35:00,"27.7","7.45","31.4","27.7","7.64","33.5","27.5","7.83","34.9"
"420",2018-06-18 10:40:00,"27.7","7.42","31.4","27.7","7.65","33.5","27.6","7.83","35.0"
"421",2018-06-18 10:45:00,"27.8","7.42","31.4","27.8","7.64","33.5","27.6","7.83","35.0"
"422",2018-06-18 10:50:00,"27.8","7.44","31.4","27.8","7.62","33.5","27.6","7.83","35.0"
"423",2018-06-18 10:55:00,"27.8","7.42","31.4","27.8","7.62","33.6","27.6","7.84","35.1"
"424",2018-06-18 11:00:00,"27.8","7.43","31.4","27.8","7.62","33.6","27.6","7.84","35.1"
"425",2018-06-18 11:05:00,"27.8","7.42","31.4","27.8","7.64","33.6","27.7","7.84","35.1"
"426",2018-06-18 11:10:00,"27.9","7.46","31.4","27.9","7.65","33.6","27.7","7.84","35.1"
"427",2018-06-18 11:15:00,"27.9","7.45","31.4","27.9","7.64","33.5","27.7","7.84","35.1"
"428",2018-06-18 11:20:00,"27.9","7.47","31.4","27.9","7.63","33.5","27.7","7.84","35.2"
"429",2018-06-18 11:25:00,"27.9","7.46","31.4","28.0","7.63","33.7","27.7","7.84","35.2"
"430",2018-06-18 11:30:00,"28.0","7.46","31.4","28.0","7.63","33.7","27.7","7.84","35.2"
"431",2018-06-18 11:35:00,"28.0","7.45","31.4","28.0","7.65","33.7","27.7","7.84","35.2"
"432",2018-06-18 11:40:00,"28.0","7.47","31.4","28.0","7.66","33.7","27.8","7.84","35.2"
"433",2018-06-18 11:45:00,"28.0","7.46","31.4","28.0","7.67","33.7","27.8","7.84","35.2"
"434",2018-06-18 11:50:00,"28.0","7.45","31.4","28.1","7.68","33.8","27.8","7.85","35.2"
"435",2018-06-18 11:55:00,"28.0","7.45","31.4","28.1","7.67","33.8","27.8","7.85","35.2"
"436",2018-06-18 12:00:00,"28.1","7.48","31.4","28.1","7.66","33.8","27.8","7.85","35.2"
"437",2018-06-18 12:05:00,"28.1","7.45","31.4","28.1","7.65","33.8","27.8","7.85","35.3"
"438",2018-06-18 12:10:00,"28.1","7.45","31.4","28.1","7.65","33.8","27.9","7.85","35.3"
"439",2018-06-18 12:15:00,"28.1","7.47","31.2","28.1","7.67","33.9","27.9","7.85","35.3"
"440",2018-06-18 12:20:00,"28.1","7.48","31.2","28.2","7.68","33.9","27.9","7.85","35.3"
"441",2018-06-18 12:25:00,"28.1","7.46","31.4","28.2","7.69","33.9","28.0","7.85","35.4"
"442",2018-06-18 12:30:00,"28.2","7.45","31.3","28.2","7.66","33.9","28.0","7.85","35.4"
"443",2018-06-18 12:35:00,"28.2","7.47","31.4","28.2","7.66","33.9","28.0","7.85","35.4"
"444",2018-06-18 12:40:00,"28.2","7.46","31.3","28.2","7.66","34.0","28.0","7.85","35.4"
"445",2018-06-18 12:45:00,"28.2","7.46","31.4","28.2","7.66","34.0","28.0","7.86","35.4"
"446",2018-06-18 12:50:00,"28.2","7.45","31.4","28.3","7.68","34.1","28.0","7.86","35.4"
"447",2018-06-18 12:55:00,"28.2","7.47","31.4","28.3","7.69","34.0","28.0","7.86","35.5"
"448",2018-06-18 13:00:00,"28.2","7.47","31.4","28.3","7.67","34.1","28.0","7.86","35.5"
"449",2018-06-18 13:05:00,"28.2","7.47","31.2","28.3","7.66","34.1","28.1","7.86","35.5"
"450",2018-06-18 13:10:00,"28.2","7.47","31.1","28.3","7.66","34.1","28.1","7.86","35.4"
"451",2018-06-18 13:15:00,"28.3","7.47","31.4","28.3","7.66","34.1","28.1","7.86","35.5"
"452",2018-06-18 13:20:00,"28.3","7.48","31.4","28.3","7.68","34.1","28.1","7.86","35.5"
"453",2018-06-18 13:25:00,"28.3","7.48","31.4","28.3","7.69","34.1","28.1","7.87","35.5"
"454",2018-06-18 13:30:00,"28.3","7.49","31.4","28.3","7.70","34.1","28.1","7.87","35.5"
"455",2018-06-18 13:35:00,"28.3","7.50","31.4","28.4","7.69","34.1","28.1","7.87","35.5"
"456",2018-06-18 13:40:00,"28.3","7.49","31.4","28.4","7.68","34.1","28.1","7.87","35.5"
"457",2018-06-18 13:45:00,"28.3","7.51","31.3","28.4","7.68","34.0","28.1","7.87","35.5"
"458",2018-06-18 13:50:00,"28.3","7.48","31.2","28.4","7.68","34.0","28.1","7.87","35.5"
"459",2018-06-18 13:55:00,"28.3","7.49","31.3","28.5","7.68","33.9","28.1","7.87","35.5"
"460",2018-06-18 14:00:00,"28.4","7.47","31.3","28.5","7.70","33.9","28.2","7.87","35.5"
"461",2018-06-18 14:05:00,"28.4","7.49","31.3","28.5","7.71","34.0","28.2","7.87","35.5"
"462",2018-06-18 14:10:00,"28.5","7.50","31.3","28.5","7.68","33.8","28.2","7.88","35.6"
"463",2018-06-18 14:15:00,"28.5","7.48","31.3","28.5","7.68","33.8","28.2","7.88","35.6"
"464",2018-06-18 14:20:00,"28.5","7.47","31.3","28.5","7.68","33.8","28.2","7.88","35.6"
"465",2018-06-18 14:25:00,"28.5","7.48","31.3","28.6","7.68","33.7","28.3","7.88","35.7"
"466",2018-06-18 14:30:00,"28.5","7.50","31.3","28.6","7.70","33.5","28.3","7.88","35.7"
"467",2018-06-18 14:35:00,"28.5","7.48","31.4","28.6","7.71","34.4","28.3","7.88","35.7"
"468",2018-06-18 14:40:00,"28.6","7.48","31.4","28.6","7.68","34.4","28.3","7.88","35.7"
"469",2018-06-18 14:45:00,"28.6","7.47","31.4","28.6","7.68","34.4","28.3","7.88","35.7"
"470",2018-06-18 14:50:00,"28.6","7.49","31.2","28.6","7.68","34.3","28.3","7.88","35.8"
"471",2018-06-18 14:55:00,"28.6","7.49","31.4","28.7","7.68","34.3","28.3","7.88","35.8"
"472",2018-06-18 15:00:00,"28.6","7.49","31.4","28.7","7.70","34.4","28.4","7.88","35.8"
"473",2018-06-18 15:05:00,"28.6","7.49","31.4","28.7","7.71","34.4","28.4","7.88","35.8"
"474",2018-06-18 15:10:00,"28.6","7.48","31.5","28.7","7.68","34.4","28.4","7.88","35.8"
"475",2018-06-18 15:15:00,"28.6","7.48","31.5","28.7","7.68","34.4","28.4","7.88","35.8"
"476",2018-06-18 15:20:00,"28.6","7.46","31.5","28.7","7.68","34.4","28.4","7.88","35.8"
"477",2018-06-18 15:25:00,"28.6","7.45","31.5","28.7","7.68","34.4","28.4","7.88","35.8"
"478",2018-06-18 15:30:00,"28.6","7.46","31.5","28.7","7.70","34.4","28.4","7.88","35.8"
"479",2018-06-18 15:35:00,"28.7","7.48","31.5","28.7","7.67","34.4","28.4","7.88","35.8"
"480",2018-06-18 15:40:00,"28.7","7.47","31.5","28.7","7.67","34.5","28.4","7.89","35.8"
"481",2018-06-18 15:45:00,"28.7","7.45","31.5","28.7","7.67","34.4","28.4","7.89","35.8"
"482",2018-06-18 15:50:00,"28.7","7.45","31.5","28.7","7.67","34.4","28.4","7.89","35.8"
"483",2018-06-18 15:55:00,"28.7","7.47","31.5","28.7","7.69","34.4","28.5","7.89","35.8"
"484",2018-06-18 16:00:00,"28.7","7.47","31.5","28.8","7.66","34.4","28.5","7.89","35.8"
"485",2018-06-18 16:05:00,"28.7","7.47","31.5","28.8","7.66","34.4","28.5","7.89","35.8"
"486",2018-06-18 16:10:00,"28.7","7.48","31.5","28.8","7.66","34.4","28.5","7.89","35.8"
"487",2018-06-18 16:15:00,"28.7","7.45","31.5","28.8","7.66","34.4","28.5","7.89","35.8"
"488",2018-06-18 16:20:00,"28.7","7.45","31.5","28.8","7.68","34.4","28.5","7.89","35.8"
"489",2018-06-18 16:25:00,"28.7","7.49","31.5","28.8","7.69","34.4","28.5","7.89","35.8"
"490",2018-06-18 16:30:00,"28.7","7.48","31.5","28.8","7.66","34.4","28.5","7.89","35.8"
"491",2018-06-18 16:35:00,"28.7","7.46","31.5","28.8","7.66","34.4","28.5","7.89","35.8"
"492",2018-06-18 16:40:00,"28.7","7.45","31.5","28.8","7.66","34.4","28.5","7.89","35.8"
"493",2018-06-18 16:45:00,"28.7","7.49","31.5","28.8","7.66","34.4","28.5","7.89","35.8"
"494",2018-06-18 16:50:00,"28.7","7.47","31.5","28.8","7.68","34.4","28.5","7.89","35.8"
"495",2018-06-18 16:55:00,"28.7","7.48","31.5","28.8","7.69","34.4","28.5","7.89","35.8"
"496",2018-06-18 17:00:00,"28.7","7.47","31.5","28.8","7.66","34.4","28.5","7.89","35.8"
"497",2018-06-18 17:05:00,"28.7","7.45","31.5","28.8","7.66","34.4","28.4","7.89","35.8"
"498",2018-06-18 17:10:00,"28.7","7.49","31.5","28.8","7.66","34.4","28.4","7.89","35.8"
"499",2018-06-18 17:15:00,"28.7","7.47","31.5","28.8","7.66","34.4","28.4","7.89","35.8"
"500",2018-06-18 17:20:00,"28.7","7.45","31.5","28.8","7.66","34.4","28.4","7.89","35.8"
"501",2018-06-18 17:25:00,"28.7","7.44","31.5","28.8","7.65","34.4","28.4","7.89","35.8"
"502",2018-06-18 17:30:00,"28.7","7.45","31.5","28.7","7.64","34.4","28.4","7.89","35.8"
"503",2018-06-18 17:35:00,"28.7","7.42","31.5","28.7","7.64","34.4","28.4","7.89","35.8"
"504",2018-06-18 17:40:00,"28.7","7.42","31.6","28.7","7.66","34.4","28.4","7.89","35.8"
"505",2018-06-18 17:45:00,"28.7","7.42","31.6","28.7","7.64","34.4","28.4","7.89","35.7"
"506",2018-06-18 17:50:00,"28.6","7.43","31.6","28.7","7.63","34.4","28.3","7.89","35.7"
"507",2018-06-18 17:55:00,"28.6","7.46","31.6","28.7","7.63","34.4","28.3","7.89","35.7"
"508",2018-06-18 18:00:00,"28.6","7.45","31.6","28.7","7.65","34.4","28.3","7.89","35.7"
"509",2018-06-18 18:05:00,"28.6","7.42","31.6","28.7","7.66","34.4","28.3","7.89","35.7"
"510",2018-06-18 18:10:00,"28.6","7.43","31.6","28.7","7.64","34.3","28.3","7.89","35.7"
"511",2018-06-18 18:15:00,"28.6","7.43","31.6","28.7","7.63","34.3","28.3","7.89","35.6"
"512",2018-06-18 18:20:00,"28.6","7.44","31.6","28.6","7.63","34.3","28.3","7.89","35.6"
"513",2018-06-18 18:25:00,"28.6","7.42","31.7","28.6","7.65","34.3","28.2","7.89","35.6"
"514",2018-06-18 18:30:00,"28.6","7.42","31.7","28.6","7.66","34.4","28.2","7.89","35.6"
"515",2018-06-18 18:35:00,"28.5","7.43","31.7","28.6","7.64","34.3","28.2","7.89","35.6"
"516",2018-06-18 18:40:00,"28.5","7.45","31.7","28.6","7.63","34.3","28.2","7.89","35.6"
"517",2018-06-18 18:45:00,"28.5","7.44","31.7","28.6","7.63","34.2","28.2","7.89","35.6"
"518",2018-06-18 18:50:00,"28.5","7.41","31.7","28.5","7.62","34.1","28.2","7.89","35.6"
"519",2018-06-18 18:55:00,"28.5","7.40","31.7","28.5","7.61","34.1","28.1","7.89","35.6"
"520",2018-06-18 19:00:00,"28.4","7.40","31.7","28.5","7.61","34.1","28.1","7.89","35.6"
"521",2018-06-18 19:05:00,"28.4","7.41","31.7","28.5","7.63","34.1","28.1","7.89","35.5"
"522",2018-06-18 19:10:00,"28.4","7.42","31.7","28.5","7.61","34.1","28.1","7.89","35.5"
"523",2018-06-18 19:15:00,"28.4","7.40","31.7","28.5","7.60","34.1","28.1","7.89","35.5"
"524",2018-06-18 19:20:00,"28.3","7.40","31.7","28.4","7.60","34.0","28.1","7.89","35.5"
"525",2018-06-18 19:25:00,"28.3","7.41","31.7","28.4","7.62","34.0","28.0","7.89","35.4"
"526",2018-06-18 19:30:00,"28.3","7.42","31.7","28.4","7.63","34.2","28.0","7.89","35.4"
"527",2018-06-18 19:35:00,"28.3","7.40","31.7","28.3","7.61","34.2","28.0","7.89","35.4"
"528",2018-06-18 19:40:00,"28.3","7.39","31.7","28.3","7.60","34.2","28.0","7.89","35.4"
"529",2018-06-18 19:45:00,"28.3","7.41","31.7","28.3","7.60","34.2","28.0","7.89","35.3"
"530",2018-06-18 19:50:00,"28.3","7.42","31.7","28.3","7.63","34.1","28.0","7.89","35.3"
"531",2018-06-18 19:55:00,"28.2","7.40","31.7","28.3","7.61","34.1","28.0","7.89","35.3"
"532",2018-06-18 20:00:00,"28.2","7.40","31.7","28.3","7.60","34.1","27.9","7.89","35.3"
"533",2018-06-18 20:05:00,"28.2","7.40","31.7","28.3","7.60","34.1","27.9","7.89","35.3"
"534",2018-06-18 20:10:00,"28.2","7.42","31.7","28.2","7.62","34.0","27.9","7.89","35.3"
"535",2018-06-18 20:15:00,"28.2","7.39","31.7","28.2","7.63","34.0","27.9","7.89","35.2"
"536",2018-06-18 20:20:00,"28.2","7.38","31.7","28.2","7.60","34.0","27.9","7.89","35.2"
"537",2018-06-18 20:25:00,"28.2","7.38","31.7","28.2","7.59","34.0","27.8","7.89","35.2"
"538",2018-06-18 20:30:00,"28.2","7.39","31.7","28.2","7.59","34.0","27.8","7.89","35.2"
"539",2018-06-18 20:35:00,"28.2","7.40","31.7","28.2","7.61","34.0","27.8","7.89","35.2"
"540",2018-06-18 20:40:00,"28.1","7.38","31.7","28.2","7.59","33.9","27.8","7.89","35.2"
"541",2018-06-18 20:45:00,"28.1","7.38","31.7","28.2","7.59","33.9","27.8","7.89","35.2"
"542",2018-06-18 20:50:00,"28.1","7.38","31.7","28.1","7.59","33.9","27.8","7.89","35.2"
"543",2018-06-18 20:55:00,"28.1","7.41","31.7","28.1","7.61","33.9","27.8","7.89","35.2"
"544",2018-06-18 21:00:00,"28.1","7.38","31.7","28.1","7.59","33.9","27.8","7.89","35.2"
"545",2018-06-18 21:05:00,"28.1","7.37","31.7","28.1","7.57","33.9","27.8","7.89","35.2"
"546",2018-06-18 21:10:00,"28.1","7.38","31.7","28.1","7.59","33.9","27.8","7.89","35.2"
"547",2018-06-18 21:15:00,"28.1","7.41","31.7","28.1","7.60","33.8","27.8","7.87","35.2"
"548",2018-06-18 21:20:00,"28.1","7.40","31.7","28.1","7.61","33.8","27.8","7.87","35.2"
"549",2018-06-18 21:25:00,"28.1","7.37","31.7","28.1","7.59","33.8","27.8","7.87","35.2"
"550",2018-06-18 21:30:00,"28.1","7.37","31.7","28.1","7.59","33.8","27.7","7.87","35.2"
"551",2018-06-18 21:35:00,"28.0","7.41","31.7","28.0","7.60","33.8","27.7","7.87","35.1"
"552",2018-06-18 21:40:00,"28.0","7.40","31.7","28.0","7.61","33.8","27.7","7.87","35.1"
"553",2018-06-18 21:45:00,"28.0","7.38","31.7","28.0","7.57","33.8","27.7","7.87","35.1"
"554",2018-06-18 21:50:00,"28.0","7.37","31.7","28.0","7.59","33.8","27.7","7.87","35.1"
"555",2018-06-18 21:55:00,"28.0","7.39","31.7","28.0","7.60","33.8","27.7","7.87","35.1"
"556",2018-06-18 22:00:00,"28.0","7.40","31.7","28.0","7.61","33.8","27.7","7.87","35.1"
"557",2018-06-18 22:05:00,"28.0","7.38","31.7","28.0","7.59","33.8","27.7","7.87","35.1"
"558",2018-06-18 22:10:00,"28.0","7.38","31.7","28.0","7.59","33.8","27.7","7.87","35.1"
"559",2018-06-18 22:15:00,"28.0","7.41","31.7","28.0","7.59","33.8","27.7","7.87","35.1"
"560",2018-06-18 22:20:00,"28.0","7.40","31.5","28.0","7.60","33.8","27.7","7.87","35.1"
"561",2018-06-18 22:25:00,"28.0","7.38","31.6","28.0","7.59","33.8","27.7","7.87","35.1"
"562",2018-06-18 22:30:00,"28.0","7.38","31.6","28.0","7.57","33.8","27.7","7.87","35.0"
"563",2018-06-18 22:35:00,"28.0","7.41","31.6","28.0","7.59","33.7","27.7","7.87","35.0"
"564",2018-06-18 22:40:00,"28.0","7.39","31.6","28.0","7.60","33.7","27.7","7.87","35.0"
"565",2018-06-18 22:45:00,"28.0","7.37","31.6","28.0","7.61","33.7","27.7","7.87","35.0"
"566",2018-06-18 22:50:00,"28.0","7.38","31.6","28.0","7.58","33.8","27.7","7.87","35.0"
"567",2018-06-18 22:55:00,"28.0","7.40","31.6","28.0","7.58","33.8","27.7","7.87","35.0"
"568",2018-06-18 23:00:00,"28.0","7.39","31.6","28.0","7.59","33.8","27.7","7.87","35.0"
"569",2018-06-18 23:05:00,"28.0","7.37","31.6","27.9","7.60","33.8","27.7","7.87","35.0"
"570",2018-06-18 23:10:00,"28.0","7.39","31.6","27.9","7.59","33.7","27.7","7.87","35.0"
"571",2018-06-18 23:15:00,"28.0","7.40","31.6","27.9","7.57","33.7","27.7","7.87","35.0"
"572",2018-06-18 23:20:00,"28.0","7.37","31.6","28.0","7.59","33.7","27.7","7.87","35.0"
"573",2018-06-18 23:25:00,"28.0","7.38","31.6","28.0","7.60","33.7","27.7","7.87","35.0"
"574",2018-06-18 23:30:00,"28.0","7.39","31.6","28.0","7.61","33.8","27.7","7.87","35.0"
"575",2018-06-18 23:35:00,"28.0","7.40","31.6","28.0","7.57","33.7","27.7","7.87","35.0"
"576",2018-06-18 23:40:00,"28.0","7.38","31.6","28.0","7.57","33.7","27.7","7.87","35.0"
"577",2018-06-18 23:45:00,"28.0","7.38","31.6","27.9","7.59","33.7","27.7","7.87","35.0"
"578",2018-06-18 23:50:00,"28.0","7.41","31.4","27.9","7.60","33.7","27.7","7.87","35.0"
"579",2018-06-18 23:55:00,"28.0","7.38","31.6","27.9","7.59","33.7","27.7","7.87","35.0"
"580",2018-06-19 00:00:00,"28.0","7.37","31.6","27.9","7.57","33.7","27.7","7.87","35.0"
"581",2018-06-19 00:05:00,"28.0","7.38","31.6","27.9","7.57","33.7","27.7","7.87","35.0"
"582",2018-06-19 00:10:00,"28.0","7.40","31.6","27.9","7.59","33.7","27.7","7.87","35.0"
"583",2018-06-19 00:15:00,"28.0","7.37","31.6","27.9","7.61","33.7","27.7","7.87","35.0"
"584",2018-06-19 00:20:00,"28.0","7.38","31.6","27.9","7.59","33.6","27.7","7.87","35.0"
"585",2018-06-19 00:25:00,"28.0","7.39","31.6","27.9","7.57","33.6","27.7","7.86","35.0"
"586",2018-06-19 00:30:00,"28.0","7.39","31.6","27.9","7.59","33.6","27.7","7.86","35.0"
"587",2018-06-19 00:35:00,"28.0","7.37","31.6","27.9","7.60","33.6","27.7","7.86","35.0"
"588",2018-06-19 00:40:00,"28.0","7.37","31.6","27.9","7.61","33.6","27.7","7.86","35.0"
"589",2018-06-19 00:45:00,"28.0","7.41","31.6","27.9","7.57","33.6","27.7","7.86","35.0"
"590",2018-06-19 00:50:00,"28.0","7.39","31.6","27.9","7.57","33.6","27.7","7.86","35.0"
"591",2018-06-19 00:55:00,"27.9","7.37","31.6","27.9","7.59","33.6","27.7","7.86","35.0"
"592",2018-06-19 01:00:00,"27.9","7.39","31.6","27.9","7.60","33.6","27.7","7.86","35.0"
"593",2018-06-19 01:05:00,"27.9","7.39","31.6","27.9","7.61","33.6","27.7","7.86","35.0"
"594",2018-06-19 01:10:00,"27.9","7.37","31.6","27.9","7.57","33.5","27.7","7.86","35.0"
"595",2018-06-19 01:15:00,"27.9","7.38","31.6","27.9","7.57","33.5","27.7","7.86","35.0"
"596",2018-06-19 01:20:00,"27.9","7.40","31.6","27.9","7.59","33.5","27.7","7.86","35.0"
"597",2018-06-19 01:25:00,"27.9","7.37","31.6","27.9","7.60","33.5","27.7","7.85","35.0"
"598",2018-06-19 01:30:00,"27.9","7.38","31.6","27.9","7.61","33.5","27.7","7.85","35.0"
"599",2018-06-19 01:35:00,"27.9","7.40","31.6","27.9","7.57","33.5","27.7","7.84","35.0"
"600",2018-06-19 01:40:00,"27.9","7.37","31.6","27.9","7.56","33.5","27.7","7.84","35.0"
"601",2018-06-19 01:45:00,"27.9","7.38","31.6","27.9","7.58","33.5","27.7","7.84","35.0"
"602",2018-06-19 01:50:00,"27.9","7.39","31.6","27.9","7.59","33.5","27.7","7.84","35.0"
"603",2018-06-19 01:55:00,"27.9","7.37","31.6","27.9","7.60","33.5","27.6","7.83","35.0"
"604",2018-06-19 02:00:00,"27.9","7.38","31.6","27.9","7.61","33.5","27.7","7.83","35.0"
"605",2018-06-19 02:05:00,"27.9","7.39","31.6","27.8","7.57","33.5","27.6","7.83","35.0"
"606",2018-06-19 02:10:00,"27.9","7.37","31.6","27.8","7.56","33.5","27.6","7.83","35.0"
"607",2018-06-19 02:15:00,"27.9","7.39","31.6","27.8","7.57","33.5","27.6","7.82","35.0"
"608",2018-06-19 02:20:00,"27.9","7.39","31.6","27.8","7.57","33.5","27.6","7.82","35.0"
"609",2018-06-19 02:25:00,"27.9","7.37","31.6","27.8","7.59","33.5","27.6","7.82","35.0"
"610",2018-06-19 02:30:00,"27.9","7.40","31.6","27.8","7.60","33.5","27.6","7.81","35.0"
"611",2018-06-19 02:35:00,"27.9","7.37","31.6","27.8","7.59","33.5","27.6","7.81","35.0"
"612",2018-06-19 02:40:00,"27.9","7.38","31.6","27.8","7.57","33.5","27.6","7.81","35.0"
"613",2018-06-19 02:45:00,"27.9","7.39","31.6","27.8","7.56","33.5","27.6","7.80","35.0"
"614",2018-06-19 02:50:00,"27.9","7.37","31.6","27.8","7.57","33.5","27.6","7.79","35.0"
"615",2018-06-19 02:55:00,"27.9","7.41","31.6","27.8","7.59","33.4","27.6","7.79","35.0"
"616",2018-06-19 03:00:00,"27.8","7.37","31.6","27.8","7.60","33.5","27.6","7.79","35.0"
"617",2018-06-19 03:05:00,"27.8","7.37","31.6","27.8","7.61","33.5","27.6","7.79","35.0"
"618",2018-06-19 03:10:00,"27.8","7.40","31.6","27.8","7.57","33.4","27.6","7.79","35.0"
"619",2018-06-19 03:15:00,"27.8","7.37","31.6","27.8","7.57","33.4","27.6","7.79","35.0"
"620",2018-06-19 03:20:00,"27.8","7.38","31.6","27.8","7.57","33.4","27.6","7.81","35.0"
"621",2018-06-19 03:25:00,"27.8","7.40","31.6","27.8","7.59","33.3","27.6","7.81","35.0"
"622",2018-06-19 03:30:00,"27.8","7.37","31.6","27.8","7.60","33.3","27.6","7.81","35.0"
"623",2018-06-19 03:35:00,"27.8","7.38","31.6","27.8","7.59","33.3","27.6","7.81","35.0"
"624",2018-06-19 03:40:00,"27.8","7.40","31.6","27.8","7.57","33.3","27.6","7.81","35.0"
"625",2018-06-19 03:45:00,"27.8","7.37","31.6","27.8","7.57","33.3","27.6","7.81","35.0"
"626",2018-06-19 03:50:00,"27.8","7.38","31.4","27.8","7.59","33.3","27.6","7.82","35.0"
"627",2018-06-19 03:55:00,"27.8","7.40","31.6","27.8","7.60","33.3","27.6","7.82","35.0"
"628",2018-06-19 04:00:00,"27.8","7.37","31.6","27.8","7.59","33.3","27.6","7.82","35.0"
"629",2018-06-19 04:05:00,"27.8","7.37","31.6","27.7","7.57","33.3","27.6","7.82","35.0"
"630",2018-06-19 04:10:00,"27.8","7.40","31.6","27.7","7.57","33.2","27.5","7.82","35.0"
"631",2018-06-19 04:15:00,"27.8","7.37","31.6","27.7","7.59","33.3","27.5","7.82","35.0"
"632",2018-06-19 04:20:00,"27.8","7.37","31.6","27.7","7.60","33.3","27.5","7.82","35.0"
"633",2018-06-19 04:25:00,"27.8","7.40","31.6","27.7","7.61","33.3","27.5","7.83","35.0"
"634",2018-06-19 04:30:00,"27.8","7.37","31.6","27.7","7.57","33.3","27.5","7.83","34.9"
"635",2018-06-19 04:35:00,"27.7","7.37","31.6","27.7","7.57","33.3","27.5","7.83","34.9"
"636",2018-06-19 04:40:00,"27.7","7.41","31.6","27.7","7.57","33.3","27.5","7.83","34.9"
"637",2018-06-19 04:45:00,"27.7","7.39","31.6","27.7","7.59","33.3","27.5","7.83","34.9"
"638",2018-06-19 04:50:00,"27.7","7.37","31.6","27.7","7.61","33.3","27.5","7.83","34.9"
"639",2018-06-19 04:55:00,"27.7","7.41","31.6","27.7","7.57","33.1","27.5","7.83","34.9"
"640",2018-06-19 05:00:00,"27.7","7.39","31.6","27.7","7.57","33.1","27.5","7.83","34.9"
"641",2018-06-19 05:05:00,"27.7","7.37","31.6","27.7","7.57","33.1","27.5","7.83","34.9"
"642",2018-06-19 05:10:00,"27.7","7.39","31.6","27.7","7.59","33.1","27.5","7.83","34.9"
"643",2018-06-19 05:15:00,"27.7","7.39","31.6","27.7","7.61","33.1","27.5","7.83","34.9"
"644",2018-06-19 05:20:00,"27.7","7.37","31.6","27.7","7.59","33.1","27.5","7.83","34.9"
"645",2018-06-19 05:25:00,"27.7","7.39","31.6","27.7","7.57","33.1","27.5","7.84","34.9"
"646",2018-06-19 05:30:00,"27.7","7.39","31.6","27.7","7.57","33.1","27.5","7.84","34.9"
"647",2018-06-19 05:35:00,"27.7","7.37","31.6","27.7","7.59","33.2","27.5","7.84","34.9"
"648",2018-06-19 05:40:00,"27.7","7.38","31.6","27.7","7.60","33.2","27.5","7.84","34.9"
"649",2018-06-19 05:45:00,"27.7","7.40","31.6","27.7","7.59","33.2","27.5","7.84","34.9"
"650",2018-06-19 05:50:00,"27.7","7.37","31.6","27.7","7.57","33.2","27.5","7.84","34.9"
"651",2018-06-19 05:55:00,"27.7","7.38","31.6","27.7","7.57","33.2","27.5","7.84","34.9"
"652",2018-06-19 06:00:00,"27.7","7.40","31.6","27.7","7.59","33.2","27.5","7.84","34.9"
"653",2018-06-19 06:05:00,"27.7","7.39","31.6","27.7","7.61","33.2","27.5","7.84","34.9"
"654",2018-06-19 06:10:00,"27.7","7.37","31.6","27.7","7.59","33.2","27.5","7.84","34.9"
"655",2018-06-19 06:15:00,"27.7","7.39","31.6","27.7","7.57","33.2","27.5","7.84","34.9"
"656",2018-06-19 06:20:00,"27.7","7.39","31.6","27.7","7.57","33.2","27.5","7.84","34.9"
"657",2018-06-19 06:25:00,"27.7","7.37","31.6","27.7","7.59","33.2","27.5","7.85","34.9"
"658",2018-06-19 06:30:00,"27.7","7.38","31.6","27.7","7.61","33.2","27.5","7.85","34.9"
"659",2018-06-19 06:35:00,"27.7","7.40","31.6","27.7","7.59","33.2","27.5","7.85","34.9"
"660",2018-06-19 06:40:00,"27.7","7.37","31.6","27.7","7.57","33.2","27.5","7.85","34.9"
"661",2018-06-19 06:45:00,"27.7","7.37","31.6","27.7","7.59","33.2","27.5","7.85","34.9"
"662",2018-06-19 06:50:00,"27.7","7.40","31.6","27.7","7.60","33.2","27.5","7.85","34.9"
"663",2018-06-19 06:55:00,"27.7","7.37","31.6","27.7","7.61","33.1","27.5","7.85","34.9"
"664",2018-06-19 07:00:00,"27.7","7.37","31.6","27.7","7.59","33.1","27.5","7.85","34.9"
"665",2018-06-19 07:05:00,"27.7","7.41","31.6","27.7","7.57","33.2","27.5","7.85","34.9"
"666",2018-06-19 07:10:00,"27.7","7.39","31.6","27.7","7.57","33.2","27.5","7.85","34.9"
"667",2018-06-19 07:15:00,"27.7","7.37","31.6","27.7","7.59","33.1","27.5","7.85","34.9"
"668",2018-06-19 07:20:00,"27.7","7.41","31.6","27.7","7.60","33.1","27.5","7.85","34.9"
"669",2018-06-19 07:25:00,"27.7","7.39","31.6","27.7","7.59","33.3","27.5","7.85","34.9"
"670",2018-06-19 07:30:00,"27.8","7.38","31.6","27.7","7.57","33.3","27.5","7.85","34.9"
"671",2018-06-19 07:35:00,"27.8","7.40","31.6","27.7","7.57","33.2","27.5","7.83","34.9"
"672",2018-06-19 07:40:00,"27.8","7.37","31.6","27.7","7.59","33.2","27.5","7.83","34.9"
"673",2018-06-19 07:45:00,"27.8","7.37","31.6","27.8","7.60","33.2","27.5","7.83","34.9"
"674",2018-06-19 07:50:00,"27.8","7.41","31.6","27.8","7.61","33.2","27.5","7.83","34.9"
"675",2018-06-19 07:55:00,"27.8","7.37","31.6","27.8","7.57","33.2","27.5","7.83","34.9"
"676",2018-06-19 08:00:00,"27.8","7.37","31.6","27.8","7.57","33.2","27.5","7.83","34.9"
"677",2018-06-19 08:05:00,"27.8","7.41","31.6","27.8","7.57","33.2","27.5","7.82","34.9"
"678",2018-06-19 08:10:00,"27.8","7.37","31.6","27.8","7.59","33.2","27.5","7.82","34.9"
"679",2018-06-19 08:15:00,"27.8","7.38","31.6","27.8","7.60","33.2","27.6","7.82","35.1"
"680",2018-06-19 08:20:00,"27.8","7.41","31.6","27.8","7.61","33.2","27.6","7.82","35.1"
"681",2018-06-19 08:25:00,"27.8","7.39","31.6","27.8","7.62","33.3","27.6","7.82","35.1"
"682",2018-06-19 08:30:00,"27.8","7.43","31.6","27.8","7.61","33.3","27.6","7.82","35.1"
"683",2018-06-19 08:35:00,"27.8","7.39","31.6","27.8","7.60","33.3","27.6","7.82","35.1"
"684",2018-06-19 08:40:00,"27.8","7.40","31.6","27.8","7.60","33.3","27.6","7.82","35.1"
"685",2018-06-19 08:45:00,"27.9","7.42","31.6","27.9","7.60","33.3","27.6","7.82","35.1"
"686",2018-06-19 08:50:00,"27.9","7.39","31.6","27.9","7.60","33.3","27.6","7.82","35.1"
"687",2018-06-19 08:55:00,"27.9","7.41","31.6","27.9","7.62","33.4","27.6","7.82","35.2"
"688",2018-06-19 09:00:00,"27.9","7.41","31.6","27.9","7.61","33.3","27.6","7.82","35.2"
"689",2018-06-19 09:05:00,"27.9","7.39","31.6","28.0","7.60","33.3","27.7","7.82","35.2"
"690",2018-06-19 09:10:00,"28.0","7.41","31.6","28.0","7.60","33.3","27.7","7.82","35.2"
"691",2018-06-19 09:15:00,"28.0","7.41","31.6","28.0","7.60","33.4","27.7","7.82","35.2"
"692",2018-06-19 09:20:00,"28.0","7.39","31.6","28.0","7.60","33.4","27.7","7.82","35.2"
"693",2018-06-19 09:25:00,"28.0","7.43","31.4","28.0","7.62","33.4","27.7","7.82","35.2"
"694",2018-06-19 09:30:00,"28.0","7.39","31.4","28.0","7.61","33.4","27.7","7.82","35.2"
"695",2018-06-19 09:35:00,"28.0","7.40","31.4","28.1","7.60","33.3","27.7","7.82","35.2"
"696",2018-06-19 09:40:00,"28.0","7.42","31.4","28.1","7.60","33.3","27.7","7.82","35.2"
"697",2018-06-19 09:45:00,"28.1","7.39","31.4","28.1","7.60","33.3","27.8","7.82","35.2"
"698",2018-06-19 09:50:00,"28.1","7.45","31.4","28.1","7.62","33.4","27.8","7.82","35.3"
"699",2018-06-19 09:55:00,"28.1","7.42","31.4","28.1","7.63","33.4","27.8","7.82","35.3"
"700",2018-06-19 10:00:00,"28.1","7.42","31.6","28.1","7.64","33.5","27.8","7.82","35.3"
"701",2018-06-19 10:05:00,"28.1","7.45","31.6","28.1","7.65","33.3","27.8","7.82","35.3"
"702",2018-06-19 10:10:00,"28.1","7.42","31.6","28.2","7.64","33.5","27.8","7.82","35.4"
"703",2018-06-19 10:15:00,"28.1","7.42","31.6","28.2","7.63","33.5","27.8","7.82","35.4"
"704",2018-06-19 10:20:00,"28.2","7.46","31.4","28.2","7.63","33.5","27.9","7.82","35.4"
"705",2018-06-19 10:25:00,"28.2","7.42","31.4","28.2","7.63","33.5","27.9","7.82","35.4"
"706",2018-06-19 10:30:00,"28.2","7.42","31.4","28.2","7.63","33.5","27.9","7.82","35.4"
"707",2018-06-19 10:35:00,"28.2","7.43","31.4","28.2","7.65","33.5","27.9","7.82","35.4"
"708",2018-06-19 10:40:00,"28.2","7.42","31.4","28.3","7.66","33.5","28.0","7.82","35.5"
"709",2018-06-19 10:45:00,"28.2","7.42","31.4","28.3","7.64","33.5","28.0","7.82","35.4"
"710",2018-06-19 10:50:00,"28.2","7.42","31.4","28.3","7.63","33.4","28.0","7.82","35.5"
"711",2018-06-19 10:55:00,"28.2","7.46","31.4","28.3","7.63","33.3","28.0","7.82","35.5"
"712",2018-06-19 11:00:00,"28.3","7.42","31.4","28.3","7.63","33.3","28.0","7.82","35.5"
"713",2018-06-19 11:05:00,"28.3","7.42","31.3","28.3","7.65","33.2","28.0","7.84","35.5"
"714",2018-06-19 11:10:00,"28.3","7.42","31.3","28.3","7.66","33.5","28.0","7.84","35.5"
"715",2018-06-19 11:15:00,"28.3","7.43","31.3","28.4","7.64","33.5","28.0","7.84","35.6"
"716",2018-06-19 11:20:00,"28.3","7.45","31.3","28.4","7.63","33.5","28.1","7.85","35.6"
"717",2018-06-19 11:25:00,"28.3","7.46","31.3","28.4","7.63","33.4","28.1","7.85","35.6"
"718",2018-06-19 11:30:00,"28.3","7.47","31.3","28.4","7.65","33.5","28.1","7.85","35.6"
"719",2018-06-19 11:35:00,"28.3","7.47","31.3","28.5","7.66","33.4","28.1","7.85","35.7"
"720",2018-06-19 11:40:00,"28.4","7.47","31.3","28.5","7.67","33.5","28.1","7.86","35.7"
"721",2018-06-19 11:45:00,"28.4","7.46","31.3","28.5","7.68","33.5","28.1","7.86","35.7"
"722",2018-06-19 11:50:00,"28.5","7.45","31.3","28.5","7.69","33.5","28.1","7.86","35.7"
"723",2018-06-19 11:55:00,"28.5","7.47","31.4","28.5","7.67","33.5","28.2","7.86","35.8"
"724",2018-06-19 12:00:00,"28.5","7.49","31.5","28.6","7.66","33.5","28.2","7.86","35.8"
"725",2018-06-19 12:05:00,"28.5","7.47","31.6","28.6","7.66","33.5","28.2","7.86","35.8"
"726",2018-06-19 12:10:00,"28.5","7.46","31.6","28.6","7.66","33.5","28.2","7.86","35.8"
"727",2018-06-19 12:15:00,"28.6","7.46","31.6","28.6","7.68","33.5","28.2","7.86","35.8"
"728",2018-06-19 12:20:00,"28.6","7.47","31.7","28.6","7.69","33.5","28.3","7.86","35.8"
"729",2018-06-19 12:25:00,"28.6","7.47","31.7","28.7","7.67","33.5","28.3","7.86","35.8"
"730",2018-06-19 12:30:00,"28.6","7.46","31.7","28.7","7.66","33.5","28.3","7.86","35.9"
"731",2018-06-19 12:35:00,"28.6","7.47","31.7","28.7","7.66","33.5","28.3","7.87","35.9"
"732",2018-06-19 12:40:00,"28.7","7.46","31.8","28.7","7.66","33.5","28.3","7.87","35.9"
"733",2018-06-19 12:45:00,"28.7","7.47","31.8","28.7","7.68","33.5","28.4","7.87","36.0"
"734",2018-06-19 12:50:00,"28.7","7.46","31.8","28.8","7.69","33.5","28.4","7.87","36.0"
"735",2018-06-19 12:55:00,"28.7","7.47","31.8","28.8","7.67","33.5","28.4","7.87","36.0"
"736",2018-06-19 13:00:00,"28.7","7.48","31.8","28.8","7.66","33.5","28.5","7.87","36.0"
"737",2018-06-19 13:05:00,"28.7","7.47","31.8","28.8","7.66","33.5","28.5","7.87","36.0"
"738",2018-06-19 13:10:00,"28.8","7.45","31.9","28.8","7.66","33.5","28.5","7.87","36.0"
"739",2018-06-19 13:15:00,"28.8","7.48","31.9","28.8","7.68","33.6","28.5","7.87","36.0"
"740",2018-06-19 13:20:00,"28.8","7.47","31.9","28.9","7.69","33.6","28.5","7.87","36.0"
"741",2018-06-19 13:25:00,"28.8","7.49","31.9","28.9","7.69","33.6","28.5","7.87","36.0"
"742",2018-06-19 13:30:00,"28.8","7.48","31.9","28.9","7.71","33.6","28.5","7.87","36.0"
"743",2018-06-19 13:35:00,"28.8","7.48","31.9","29.0","7.69","33.6","28.6","7.87","36.1"
"744",2018-06-19 13:40:00,"28.8","7.48","31.9","29.0","7.68","33.6","28.6","7.87","36.1"
"745",2018-06-19 13:45:00,"28.9","7.49","31.9","29.0","7.68","33.6","28.6","7.87","36.1"
"746",2018-06-19 13:50:00,"28.9","7.49","31.9","29.0","7.68","33.6","28.6","7.87","36.1"
"747",2018-06-19 13:55:00,"28.9","7.48","31.9","29.0","7.68","33.6","28.6","7.88","36.1"
"748",2018-06-19 14:00:00,"28.9","7.48","31.9","29.0","7.70","33.6","28.6","7.88","36.2"
"749",2018-06-19 14:05:00,"29.0","7.48","31.9","29.0","7.71","33.6","28.6","7.88","36.2"
"750",2018-06-19 14:10:00,"29.0","7.48","31.9","29.1","7.69","33.6","28.7","7.88","36.2"
"751",2018-06-19 14:15:00,"29.0","7.49","32.0","29.1","7.68","33.6","28.7","7.88","36.2"
"752",2018-06-19 14:20:00,"29.0","7.50","32.0","29.1","7.68","33.6","28.7","7.88","36.3"
"753",2018-06-19 14:25:00,"29.0","7.49","32.0","29.1","7.68","33.6","28.7","7.88","36.3"
"754",2018-06-19 14:30:00,"29.0","7.49","32.0","29.1","7.68","33.5","28.7","7.88","36.3"
"755",2018-06-19 14:35:00,"29.0","7.49","32.0","29.1","7.70","33.5","28.7","7.88","36.3"
"756",2018-06-19 14:40:00,"29.1","7.48","32.0","29.1","7.71","33.5","28.7","7.88","36.3"
"757",2018-06-19 14:45:00,"29.1","7.47","32.0","29.2","7.69","33.6","28.7","7.88","36.3"
"758",2018-06-19 14:50:00,"29.1","7.51","32.0","29.2","7.68","33.6","28.8","7.88","36.3"
"759",2018-06-19 14:55:00,"29.1","7.49","32.0","29.2","7.68","33.6","28.8","7.88","36.4"
"760",2018-06-19 15:00:00,"29.1","7.47","32.0","29.2","7.68","33.6","28.8","7.88","36.4"
"761",2018-06-19 15:05:00,"29.1","7.51","32.0","29.2","7.70","33.6","28.8","7.88","36.4"
"762",2018-06-19 15:10:00,"29.1","7.49","32.1","29.2","7.71","33.6","28.8","7.88","36.4"
"763",2018-06-19 15:15:00,"29.1","7.47","32.1","29.2","7.69","33.6","28.8","7.88","36.4"
"764",2018-06-19 15:20:00,"29.1","7.47","32.1","29.2","7.68","33.6","28.8","7.88","36.4"
"765",2018-06-19 15:25:00,"29.1","7.46","32.1","29.2","7.68","33.6","28.8","7.88","36.4"
"766",2018-06-19 15:30:00,"29.1","7.46","32.1","29.2","7.68","33.6","28.8","7.88","36.4"
"767",2018-06-19 15:35:00,"29.1","7.45","32.1","29.2","7.68","33.6","28.8","7.88","36.4"
"768",2018-06-19 15:40:00,"29.1","7.48","32.1","29.2","7.70","33.6","28.8","7.88","36.4"
"769",2018-06-19 15:45:00,"29.1","7.48","32.1","29.2","7.70","33.6","28.8","7.88","36.4"
"770",2018-06-19 15:50:00,"29.1","7.46","32.1","29.2","7.68","33.6","28.8","7.88","36.4"
"771",2018-06-19 15:55:00,"29.1","7.45","32.1","29.2","7.68","33.6","28.8","7.88","36.4"
"772",2018-06-19 16:00:00,"29.1","7.49","32.1","29.2","7.68","33.6","28.8","7.88","36.4"
"773",2018-06-19 16:05:00,"29.1","7.48","32.1","29.2","7.70","33.6","28.8","7.88","36.4"
"774",2018-06-19 16:10:00,"29.1","7.46","32.1","29.2","7.68","33.6","28.8","7.88","36.4"
"775",2018-06-19 16:15:00,"29.2","7.46","32.1","29.2","7.68","33.6","28.8","7.88","36.4"
"776",2018-06-19 16:20:00,"29.2","7.48","32.1","29.2","7.68","33.6","28.8","7.88","36.4"
"777",2018-06-19 16:25:00,"29.2","7.47","32.1","29.2","7.68","33.6","28.8","7.88","36.4"
"778",2018-06-19 16:30:00,"29.2","7.46","32.1","29.2","7.70","33.6","28.8","7.88","36.4"
"779",2018-06-19 16:35:00,"29.2","7.47","32.1","29.2","7.70","33.6","28.8","7.88","36.4"
"780",2018-06-19 16:40:00,"29.2","7.48","32.1","29.2","7.68","33.6","28.8","7.88","36.4"
"781",2018-06-19 16:45:00,"29.2","7.46","32.1","29.2","7.68","33.6","28.8","7.88","36.4"
"782",2018-06-19 16:50:00,"29.2","7.46","31.9","29.2","7.68","33.6","28.8","7.88","36.4"
"783",2018-06-19 16:55:00,"29.2","7.47","31.9","29.2","7.68","33.6","28.8","7.88","36.4"
"784",2018-06-19 17:00:00,"29.2","7.47","31.9","29.2","7.70","33.6","28.8","7.88","36.4"
"785",2018-06-19 17:05:00,"29.2","7.47","31.9","29.2","7.68","33.6","28.8","7.88","36.4"
"786",2018-06-19 17:10:00,"29.2","7.47","31.9","29.2","7.68","33.6","28.8","7.88","36.2"
"787",2018-06-19 17:15:00,"29.2","7.46","31.9","29.2","7.68","33.6","28.8","7.88","36.2"
"788",2018-06-19 17:20:00,"29.2","7.45","31.9","29.2","7.68","33.6","28.8","7.88","36.2"
"789",2018-06-19 17:25:00,"29.1","7.45","31.9","29.2","7.67","33.6","28.8","7.88","36.2"
"790",2018-06-19 17:30:00,"29.1","7.42","31.9","29.2","7.66","33.6","28.8","7.88","36.2"
"791",2018-06-19 17:35:00,"29.1","7.42","31.9","29.2","7.66","33.6","28.8","7.88","36.2"
"792",2018-06-19 17:40:00,"29.1","7.43","31.9","29.2","7.65","33.6","28.7","7.88","36.2"
"793",2018-06-19 17:45:00,"29.1","7.45","31.9","29.1","7.65","33.5","28.7","7.88","36.2"
"794",2018-06-19 17:50:00,"29.1","7.42","31.8","29.1","7.65","33.5","28.7","7.88","36.2"
"795",2018-06-19 17:55:00,"29.1","7.42","31.8","29.1","7.67","33.5","28.7","7.88","36.2"
"796",2018-06-19 18:00:00,"29.1","7.42","31.8","29.1","7.65","33.5","28.7","7.88","36.1"
"797",2018-06-19 18:05:00,"29.1","7.44","31.7","29.1","7.65","33.5","28.7","7.88","36.1"
"798",2018-06-19 18:10:00,"29.1","7.45","31.7","29.0","7.65","33.5","28.7","7.88","36.1"
"799",2018-06-19 18:15:00,"29.1","7.42","31.7","29.0","7.65","33.5","28.7","7.88","36.1"
"800",2018-06-19 18:20:00,"29.1","7.42","31.7","29.0","7.67","33.5","28.7","7.88","36.1"
"801",2018-06-19 18:25:00,"29.1","7.42","31.7","29.0","7.65","33.5","28.6","7.88","36.1"
"802",2018-06-19 18:30:00,"29.0","7.46","31.6","29.0","7.65","33.5","28.6","7.88","36.1"
"803",2018-06-19 18:35:00,"29.0","7.45","31.6","29.0","7.65","33.5","28.6","7.88","36.0"
"804",2018-06-19 18:40:00,"29.0","7.42","31.6","29.0","7.67","33.5","28.6","7.88","36.0"
"805",2018-06-19 18:45:00,"29.0","7.43","31.6","29.0","7.67","33.5","28.6","7.88","36.0"
"806",2018-06-19 18:50:00,"29.0","7.41","31.6","28.9","7.65","33.4","28.6","7.88","36.0"
"807",2018-06-19 18:55:00,"29.0","7.40","31.6","28.9","7.64","33.4","28.6","7.88","36.0"
"808",2018-06-19 19:00:00,"29.0","7.40","31.6","28.9","7.64","33.4","28.5","7.88","36.0"
"809",2018-06-19 19:05:00,"28.9","7.43","31.6","28.8","7.63","33.5","28.5","7.88","35.9"
"810",2018-06-19 19:10:00,"28.9","7.40","31.6","28.8","7.62","33.4","28.5","7.88","35.9"
"811",2018-06-19 19:15:00,"28.9","7.40","31.6","28.8","7.62","33.4","28.5","7.88","35.9"
"812",2018-06-19 19:20:00,"28.8","7.41","31.6","28.8","7.62","33.4","28.5","7.88","35.9"
"813",2018-06-19 19:25:00,"28.8","7.42","31.6","28.8","7.64","33.4","28.4","7.88","35.8"
"814",2018-06-19 19:30:00,"28.8","7.40","31.6","28.8","7.64","33.3","28.4","7.88","35.8"
"815",2018-06-19 19:35:00,"28.8","7.40","31.6","28.8","7.62","33.3","28.4","7.88","35.8"
"816",2018-06-19 19:40:00,"28.7","7.43","31.6","28.7","7.62","33.3","28.3","7.88","35.8"
"817",2018-06-19 19:45:00,"28.7","7.40","31.6","28.7","7.64","33.3","28.3","7.88","35.8"
"818",2018-06-19 19:50:00,"28.7","7.40","31.6","28.7","7.64","33.3","28.3","7.88","35.8"
"819",2018-06-19 19:55:00,"28.7","7.41","31.6","28.7","7.62","33.2","28.3","7.88","35.8"
"820",2018-06-19 20:00:00,"28.7","7.42","31.6","28.7","7.62","33.2","28.3","7.88","35.8"
"821",2018-06-19 20:05:00,"28.7","7.40","31.6","28.6","7.62","33.2","28.3","7.88","35.8"
"822",2018-06-19 20:10:00,"28.6","7.40","31.6","28.6","7.64","33.1","28.3","7.88","35.8"
"823",2018-06-19 20:15:00,"28.6","7.42","31.6","28.6","7.62","33.1","28.2","7.88","35.8"
"824",2018-06-19 20:20:00,"28.6","7.39","31.6","28.6","7.62","33.1","28.2","7.88","35.8"
"825",2018-06-19 20:25:00,"28.6","7.38","31.6","28.6","7.61","33.1","28.2","7.88","35.7"
"826",2018-06-19 20:30:00,"28.6","7.38","31.6","28.6","7.60","33.2","28.2","7.88","35.7"
"827",2018-06-19 20:35:00,"28.6","7.41","31.6","28.6","7.60","33.1","28.2","7.88","35.7"
"828",2018-06-19 20:40:00,"28.6","7.40","31.7","28.6","7.60","33.1","28.2","7.88","35.7"
"829",2018-06-19 20:45:00,"28.6","7.38","31.7","28.6","7.62","33.1","28.2","7.88","35.7"
"830",2018-06-19 20:50:00,"28.6","7.38","31.7","28.5","7.60","33.1","28.2","7.88","35.7"
"831",2018-06-19 20:55:00,"28.6","7.41","31.7","28.5","7.60","33.0","28.2","7.88","35.7"
"832",2018-06-19 21:00:00,"28.6","7.38","31.7","28.5","7.60","33.0","28.2","7.88","35.7"
"833",2018-06-19 21:05:00,"28.5","7.38","31.6","28.5","7.62","33.0","28.2","7.86","35.7"
"834",2018-06-19 21:10:00,"28.5","7.38","31.6","28.5","7.62","33.0","28.2","7.86","35.6"
"835",2018-06-19 21:15:00,"28.5","7.40","31.6","28.5","7.60","33.0","28.1","7.86","35.6"
"836",2018-06-19 21:20:00,"28.5","7.38","31.6","28.5","7.60","33.0","28.1","7.86","35.6"
"837",2018-06-19 21:25:00,"28.5","7.38","31.6","28.5","7.62","32.9","28.1","7.86","35.6"
"838",2018-06-19 21:30:00,"28.5","7.39","31.6","28.5","7.62","32.9","28.1","7.86","35.6"
"839",2018-06-19 21:35:00,"28.5","7.40","31.6","28.5","7.60","32.9","28.1","7.86","35.6"
"840",2018-06-19 21:40:00,"28.5","7.38","31.6","28.5","7.60","32.9","28.1","7.86","35.6"
"841",2018-06-19 21:45:00,"28.5","7.38","31.6","28.4","7.60","32.9","28.1","7.86","35.6"
"842",2018-06-19 21:50:00,"28.5","7.41","31.6","28.4","7.62","32.9","28.1","7.86","35.6"
"843",2018-06-19 21:55:00,"28.5","7.40","31.6","28.4","7.62","32.8","28.1","7.86","35.6"
"844",2018-06-19 22:00:00,"28.5","7.38","31.7","28.4","7.60","32.9","28.1","7.86","35.7"
"845",2018-06-19 22:05:00,"28.5","7.38","31.7","28.4","7.60","32.8","28.1","7.86","35.7"
"846",2018-06-19 22:10:00,"28.4","7.41","31.8","28.4","7.62","32.8","28.1","7.86","35.5"
"847",2018-06-19 22:15:00,"28.4","7.38","31.8","28.3","7.62","32.8","28.1","7.86","35.5"
"848",2018-06-19 22:20:00,"28.4","7.38","31.8","28.3","7.60","32.7","28.1","7.86","35.5"
"849",2018-06-19 22:25:00,"28.4","7.38","31.8","28.3","7.60","32.7","28.1","7.86","35.5"
"850",2018-06-19 22:30:00,"28.3","7.41","31.8","28.3","7.62","32.7","28.0","7.86","35.5"
"851",2018-06-19 22:35:00,"28.3","7.38","31.8","28.3","7.62","32.7","28.0","7.86","35.5"
"852",2018-06-19 22:40:00,"28.3","7.37","31.9","28.3","7.60","32.7","28.0","7.86","35.5"
"853",2018-06-19 22:45:00,"28.3","7.41","31.9","28.3","7.60","32.6","28.0","7.86","35.5"
"854",2018-06-19 22:50:00,"28.3","7.38","31.9","28.3","7.62","32.6","28.0","7.86","35.5"
