Titration report,,,,, ,
Method,,,,,,
Method ID,,000,,"Release state
",Released,
Name,,URIBioMin,,Modified by,SystemInternal,
Modified on,,5/29/2018 11:13:39 AM,,,,
Titration (EP) [1],,"Scope 1/1, Sample 1/9",,,,
Measured Values,,"Scope 1/1, Sample 1/9",,,,
Time,V,Meas. value,dV,Temp.,dE,EP
[s],[mL],[mV],[mL],[°C],[mV],
0,0.0000,-49.5,,25.1,,
1,0.0010,-49.5,0.0010,25.1,0.0,
2,0.0025,-49.5,0.0015,25.1,0.0,
3,0.0050,-49.5,0.0025,25.1,0.0,
4,0.0085,-49.5,0.0035,25.1,0.0,
5,0.0145,-49.5,0.0060,25.1,0.0,
6,0.0225,-49.2,0.0080,25.1,0.3,
7,0.0310,-48.8,0.0085,25.1,0.4,
8,0.0385,-48.2,0.0075,25.1,0.6,
9,0.0470,-47.4,0.0085,25.1,0.8,
10,0.0555,-46.5,0.0085,25.1,0.9,
11,0.0640,-45.5,0.0085,25.1,1.0,
12,0.0725,-44.3,0.0085,25.1,1.2,
13,0.0810,-43.1,0.0085,25.1,1.2,
14,0.0895,-41.8,0.0085,25.1,1.3,
15,0.0970,-40.4,0.0075,25.1,1.4,
16,0.1055,-38.8,0.0085,25.1,1.6,
17,0.1140,-37.2,0.0085,25.1,1.6,
18,0.1225,-35.4,0.0085,25.1,1.8,
19,0.1310,-33.7,0.0085,25.1,1.7,
20,0.1395,-31.8,0.0085,25.1,1.9,
21,0.1470,-30.0,0.0075,25.1,1.8,
22,0.1555,-28.0,0.0085,25.1,2.0,
23,0.1640,-26.0,0.0085,25.1,2.0,
24,0.1725,-23.9,0.0085,25.1,2.1,
25,0.1810,-21.8,0.0085,25.1,2.1,
26,0.1895,-19.9,0.0085,25.1,1.9,
27,0.1970,-18.1,0.0075,25.1,1.8,
28,0.2055,-16.0,0.0085,25.1,2.1,
29,0.2140,-14.0,0.0085,25.1,2.0,
30,0.2225,-12.2,0.0085,25.1,1.8,
31,0.2310,-10.4,0.0085,25.1,1.8,
32,0.2395,-8.9,0.0085,25.1,1.5,
33,0.2480,-7.7,0.0085,25.1,1.2,
34,0.2555,-6.3,0.0075,25.1,1.4,
35,0.2640,-4.0,0.0085,25.1,2.3,
36,0.2725,-2.4,0.0085,25.1,1.6,
37,0.2810,-0.9,0.0085,25.1,1.5,
38,0.2895,-0.8,0.0085,25.1,0.1,
39,0.2980,0.3,0.0085,25.1,1.1,
40,0.3055,1.9,0.0075,25.1,1.6,
41,0.3140,3.3,0.0085,25.1,1.4,
42,0.3225,4.4,0.0085,25.1,1.1,
43,0.3310,5.3,0.0085,25.1,0.9,
44,0.3395,6.0,0.0085,25.1,0.7,
45,0.3480,7.2,0.0085,25.1,1.2,
46,0.3555,8.6,0.0075,25.1,1.4,
47,0.3640,10.0,0.0085,25.1,1.4,
48,0.3725,11.3,0.0085,25.1,1.3,
49,0.3810,12.4,0.0085,25.1,1.1,
50,0.3895,13.5,0.0085,25.1,1.1,
51,0.3980,14.6,0.0085,25.1,1.1,
52,0.4055,15.5,0.0075,25.1,0.9,
53,0.4140,16.5,0.0085,25.1,1.0,
54,0.4225,17.5,0.0085,25.1,1.0,
55,0.4310,18.4,0.0085,25.1,0.9,
56,0.4395,19.4,0.0085,25.1,1.0,
57,0.4480,20.4,0.0085,25.1,1.0,
58,0.4565,21.3,0.0085,25.1,0.9,
59,0.4640,22.2,0.0075,25.1,0.9,
60,0.4725,23.2,0.0085,25.1,1.0,
61,0.4810,24.3,0.0085,25.0,1.1,
62,0.4895,25.3,0.0085,25.1,1.0,
63,0.4980,26.4,0.0085,25.1,1.1,
64,0.5065,27.3,0.0085,25.1,0.9,
65,0.5140,28.1,0.0075,25.1,0.8,
66,0.5225,29.0,0.0085,25.1,0.9,
67,0.5310,29.9,0.0085,25.1,0.9,
68,0.5395,30.8,0.0085,25.1,0.9,
69,0.5480,31.8,0.0085,25.1,1.0,
70,0.5565,32.8,0.0085,25.1,1.0,
71,0.5650,33.6,0.0085,25.0,0.8,
72,0.5725,34.6,0.0075,25.0,1.0,
73,0.5810,35.5,0.0085,25.1,0.9,
74,0.5895,36.5,0.0085,25.0,1.0,
75,0.5980,37.5,0.0085,25.0,1.0,
76,0.6065,38.4,0.0085,25.0,0.9,
77,0.6150,39.2,0.0085,25.0,0.8,
78,0.6225,40.2,0.0075,25.1,1.0,
79,0.6310,41.1,0.0085,25.1,0.9,
80,0.6395,42.2,0.0085,25.0,1.1,
81,0.6480,43.2,0.0085,25.1,1.0,
82,0.6565,44.1,0.0085,25.0,0.9,
83,0.6650,45.1,0.0085,25.0,1.0,
84,0.6725,46.0,0.0075,25.0,0.9,
85,0.6810,46.9,0.0085,25.0,0.9,
86,0.6895,47.9,0.0085,25.0,1.0,
87,0.6980,48.8,0.0085,25.0,0.9,
88,0.7065,49.8,0.0085,25.0,1.0,
89,0.7150,50.8,0.0085,25.0,1.0,
90,0.7230,51.7,0.0080,25.0,0.9,
91,0.7315,52.6,0.0085,25.0,0.9,
92,0.7395,53.6,0.0080,25.0,1.0,
93,0.7480,54.6,0.0085,25.0,1.0,
94,0.7565,55.6,0.0085,25.0,1.0,
95,0.7650,56.6,0.0085,25.0,1.0,
96,0.7730,57.4,0.0080,25.0,0.8,
97,0.7815,58.5,0.0085,25.0,1.1,
98,0.7900,59.7,0.0085,25.0,1.2,
99,0.7980,60.7,0.0080,25.0,1.0,
100,0.8065,61.9,0.0085,25.0,1.2,
101,0.8150,62.9,0.0085,25.0,1.0,
102,0.8235,63.9,0.0085,25.0,1.0,
103,0.8315,64.8,0.0080,25.0,0.9,
104,0.8395,65.8,0.0080,25.0,1.0,
105,0.8480,66.8,0.0085,25.0,1.0,
106,0.8565,67.8,0.0085,25.0,1.0,
107,0.8650,68.7,0.0085,25.0,0.9,
108,0.8735,69.8,0.0085,25.0,1.1,
109,0.8815,70.7,0.0080,25.0,0.9,
110,0.8895,71.6,0.0080,25.0,0.9,
111,0.8980,72.6,0.0085,25.0,1.0,
112,0.9065,73.7,0.0085,25.0,1.1,
113,0.9150,74.7,0.0085,25.0,1.0,
114,0.9235,75.7,0.0085,25.0,1.0,
115,0.9320,76.8,0.0085,25.0,1.1,
116,0.9400,77.7,0.0080,25.0,0.9,
117,0.9480,78.8,0.0080,25.0,1.1,
118,0.9565,79.9,0.0085,25.0,1.1,
119,0.9650,81.0,0.0085,25.0,1.1,
120,0.9735,82.1,0.0085,25.0,1.1,
121,0.9820,83.1,0.0085,25.0,1.0,
122,0.9900,84.2,0.0080,25.0,1.1,
123,0.9980,85.5,0.0080,25.0,1.3,
124,1.0065,86.6,0.0085,25.0,1.1,
125,1.0150,87.8,0.0085,25.0,1.2,
126,1.0235,89.0,0.0085,25.0,1.2,
127,1.0320,90.7,0.0085,25.0,1.7,
128,1.0400,91.8,0.0080,25.0,1.1,
129,1.0480,93.0,0.0080,25.0,1.2,
130,1.0565,94.6,0.0085,25.0,1.6,
131,1.0650,95.8,0.0085,25.0,1.2,
132,1.0735,97.2,0.0085,25.0,1.4,
133,1.0820,98.6,0.0085,25.0,1.4,
134,1.0900,99.8,0.0080,25.0,1.2,
135,1.0985,101.2,0.0085,25.0,1.4,
136,1.1065,102.7,0.0080,25.0,1.5,
137,1.1150,104.2,0.0085,25.0,1.5,
138,1.1235,105.9,0.0085,25.0,1.7,
139,1.1320,107.5,0.0085,25.0,1.6,
140,1.1405,109.0,0.0085,25.0,1.5,
141,1.1480,110.4,0.0075,25.0,1.4,
142,1.1565,112.1,0.0085,25.0,1.7,
143,1.1650,114.0,0.0085,25.0,1.9,
144,1.1735,116.0,0.0085,25.0,2.0,
145,1.1820,118.0,0.0085,25.0,2.0,
146,1.1905,120.4,0.0085,25.0,2.4,
147,1.1985,122.7,0.0080,25.0,2.3,
148,1.2070,125.0,0.0085,25.0,2.3,
149,1.2155,127.6,0.0085,25.0,2.6,
150,1.2235,130.4,0.0080,25.0,2.8,
151,1.2320,133.3,0.0085,25.0,2.9,
152,1.2405,136.3,0.0085,25.0,3.0,
153,1.2485,139.4,0.0080,25.0,3.1,
154,1.2570,142.9,0.0085,25.0,3.5,
155,1.2655,146.5,0.0085,25.0,3.6,
156,1.2740,150.1,0.0085,25.0,3.6,
157,1.2825,154.4,0.0085,25.0,4.3,
158,1.2905,158.6,0.0080,25.0,4.2,
159,1.2985,161.7,0.0080,25.0,3.1,
160,1.3070,165.3,0.0085,25.0,3.6,
161,1.3155,168.5,0.0085,25.0,3.2,
162,1.3240,172.0,0.0085,25.0,3.5,
163,1.3325,174.8,0.0085,25.0,2.8,
164,1.3410,178.0,0.0085,25.0,3.2,
165,1.3485,180.2,0.0075,25.0,2.2,
166,1.3570,182.7,0.0085,25.0,2.5,
167,1.3675,185.1,0.0105,25.0,2.4,
407,1.3675,189.9,0.0000,24.8,4.8,
409,1.3680,189.9,0.0005,24.8,0.0,
410,1.3695,189.9,0.0015,24.8,0.0,
410,1.3720,189.9,0.0025,24.8,0.0,
412,1.3760,190.1,0.0040,24.8,0.2,
413,1.3815,190.8,0.0055,24.8,0.7,
414,1.3900,192.0,0.0085,24.8,1.2,
415,1.3985,193.5,0.0085,24.8,1.5,
416,1.4060,194.9,0.0075,24.8,1.4,
416,1.4145,196.4,0.0085,24.8,1.5,
418,1.4230,197.9,0.0085,24.8,1.5,
419,1.4315,199.2,0.0085,24.8,1.3,
420,1.4400,200.4,0.0085,24.8,1.2,
421,1.4485,201.6,0.0085,24.8,1.2,
422,1.4570,203.1,0.0085,24.8,1.5,
422,1.4645,204.0,0.0075,24.8,0.9,
424,1.4730,205.0,0.0085,24.8,1.0,
425,1.4815,206.2,0.0085,24.8,1.2,
426,1.4900,207.1,0.0085,24.8,0.9,
427,1.4985,208.1,0.0085,24.8,1.0,
428,1.5070,209.0,0.0085,24.8,0.9,
428,1.5145,209.9,0.0075,24.8,0.9,
430,1.5230,210.8,0.0085,24.8,0.9,
431,1.5315,211.7,0.0085,24.8,0.9,
432,1.5400,212.6,0.0085,24.8,0.9,
433,1.5485,213.3,0.0085,24.8,0.7,
434,1.5570,214.2,0.0085,24.8,0.9,
434,1.5655,214.8,0.0085,24.8,0.6,
436,1.5730,215.5,0.0075,24.8,0.7,
436,1.5815,216.4,0.0085,24.8,0.9,
438,1.5900,216.9,0.0085,24.8,0.5,
439,1.5985,217.7,0.0085,24.8,0.8,
440,1.6070,218.3,0.0085,24.8,0.6,
441,1.6155,219.0,0.0085,24.8,0.7,
442,1.6230,219.6,0.0075,24.8,0.6,
442,1.6315,220.3,0.0085,24.8,0.7,
444,1.6400,220.9,0.0085,24.8,0.6,
445,1.6485,221.5,0.0085,24.8,0.6,
446,1.6570,222.0,0.0085,24.8,0.5,
447,1.6655,222.5,0.0085,24.8,0.5,
448,1.6730,223.0,0.0075,24.8,0.5,
449,1.6815,223.6,0.0085,24.8,0.6,
450,1.6900,224.2,0.0085,24.8,0.6,
451,1.6985,224.6,0.0085,24.8,0.4,
452,1.7070,225.1,0.0085,24.8,0.5,
453,1.7155,225.7,0.0085,24.8,0.6,
454,1.7240,226.1,0.0085,24.8,0.4,
455,1.7315,226.6,0.0075,24.8,0.5,
456,1.7400,227.0,0.0085,24.8,0.4,
457,1.7485,227.5,0.0085,24.8,0.5,
458,1.7570,228.1,0.0085,24.8,0.6,
459,1.7655,228.4,0.0085,24.8,0.3,
460,1.7740,228.9,0.0085,24.8,0.5,
460,1.7815,229.3,0.0075,24.8,0.4,
462,1.7900,229.7,0.0085,24.8,0.4,
463,1.7985,230.2,0.0085,24.8,0.5,
464,1.8070,230.6,0.0085,24.8,0.4,
465,1.8155,231.0,0.0085,24.8,0.4,
466,1.8240,231.4,0.0085,24.8,0.4,
466,1.8315,231.7,0.0075,24.8,0.3,
468,1.8400,232.1,0.0085,24.8,0.4,
469,1.8485,232.6,0.0085,24.8,0.5,
470,1.8570,232.8,0.0085,24.8,0.2,
471,1.8655,233.2,0.0085,24.8,0.4,
472,1.8740,233.6,0.0085,24.8,0.4,
472,1.8810,233.9,0.0070,24.8,0.3,
474,1.8845,234.1,0.0035,24.8,0.2,
474,1.8875,234.3,0.0030,24.8,0.2,
476,1.8895,234.5,0.0020,24.7,0.2,
477,1.8920,234.5,0.0025,24.8,0.0,
478,1.8940,234.7,0.0020,24.8,0.2,
479,1.8955,234.7,0.0015,24.8,0.0,
480,1.8970,234.7,0.0015,24.7,0.0,
480,1.8985,234.9,0.0015,24.8,0.2,
482,1.9010,234.9,0.0025,24.8,0.0,
483,1.9030,235.0,0.0020,24.8,0.1,
,1.9030,235.0,,,,EP
Titration (EP) [1],,"Scope 1/1, Sample 2/9",,,,
Measured Values,,"Scope 1/1, Sample 2/9",,,,
Time,V,Meas. value,dV,Temp.,dE,EP
[s],[mL],[mV],[mL],[°C],[mV],
0,0.0000,-21.5,,25.0,,
1,0.0010,-21.6,0.0010,25.0,-0.1,
2,0.0025,-21.6,0.0015,25.0,0.0,
3,0.0050,-21.7,0.0025,25.0,-0.1,
4,0.0090,-21.7,0.0040,25.0,0.0,
5,0.0150,-21.6,0.0060,25.0,0.1,
6,0.0235,-21.3,0.0085,25.0,0.3,
7,0.0320,-20.8,0.0085,25.0,0.5,
8,0.0395,-20.0,0.0075,25.0,0.8,
9,0.0480,-18.9,0.0085,25.0,1.1,
10,0.0565,-17.7,0.0085,25.0,1.2,
11,0.0650,-16.4,0.0085,25.0,1.3,
12,0.0735,-15.0,0.0085,25.0,1.4,
13,0.0820,-13.5,0.0085,25.0,1.5,
14,0.0905,-12.0,0.0085,25.0,1.5,
15,0.0980,-10.7,0.0075,25.0,1.3,
16,0.1065,-9.3,0.0085,25.0,1.4,
17,0.1150,-8.0,0.0085,25.0,1.3,
18,0.1235,-6.7,0.0085,25.0,1.3,
19,0.1320,-4.4,0.0085,25.0,2.3,
20,0.1405,-2.7,0.0085,25.0,1.7,
21,0.1480,-1.4,0.0075,25.0,1.3,
22,0.1565,-0.8,0.0085,25.0,0.6,
23,0.1650,-0.2,0.0085,25.0,0.6,
24,0.1735,1.5,0.0085,25.0,1.7,
25,0.1820,2.7,0.0085,25.0,1.2,
26,0.1905,3.7,0.0085,25.0,1.0,
27,0.1990,4.6,0.0085,25.0,0.9,
28,0.2065,5.4,0.0075,25.0,0.8,
29,0.2150,6.2,0.0085,25.0,0.8,
30,0.2235,7.3,0.0085,25.0,1.1,
31,0.2320,8.7,0.0085,25.0,1.4,
32,0.2405,9.9,0.0085,25.0,1.2,
33,0.2490,11.0,0.0085,25.0,1.1,
34,0.2565,12.0,0.0075,25.0,1.0,
35,0.2650,13.1,0.0085,25.0,1.1,
36,0.2735,14.1,0.0085,25.0,1.0,
37,0.2820,15.1,0.0085,25.0,1.0,
38,0.2905,16.0,0.0085,25.0,0.9,
39,0.2990,16.9,0.0085,25.0,0.9,
40,0.3065,17.6,0.0075,25.0,0.7,
41,0.3150,18.6,0.0085,25.0,1.0,
42,0.3235,19.5,0.0085,25.0,0.9,
43,0.3320,20.4,0.0085,25.0,0.9,
44,0.3405,21.3,0.0085,25.0,0.9,
45,0.3490,22.1,0.0085,25.0,0.8,
46,0.3565,22.9,0.0075,25.0,0.8,
47,0.3650,23.7,0.0085,25.0,0.8,
48,0.3735,24.6,0.0085,25.0,0.9,
49,0.3820,25.5,0.0085,25.0,0.9,
50,0.3905,26.3,0.0085,25.0,0.8,
51,0.3990,27.1,0.0085,25.0,0.8,
52,0.4075,27.9,0.0085,25.0,0.8,
53,0.4150,28.8,0.0075,25.0,0.9,
54,0.4235,29.7,0.0085,25.0,0.9,
55,0.4320,30.5,0.0085,25.0,0.8,
56,0.4405,31.4,0.0085,25.0,0.9,
57,0.4490,32.2,0.0085,25.0,0.8,
58,0.4575,33.1,0.0085,25.0,0.9,
59,0.4650,33.8,0.0075,25.0,0.7,
60,0.4735,34.7,0.0085,25.0,0.9,
61,0.4820,35.5,0.0085,25.0,0.8,
62,0.4905,36.4,0.0085,25.0,0.9,
63,0.4990,37.3,0.0085,25.0,0.9,
64,0.5075,38.1,0.0085,25.0,0.8,
65,0.5150,38.8,0.0075,25.0,0.7,
66,0.5235,39.6,0.0085,25.0,0.8,
67,0.5320,40.5,0.0085,25.0,0.9,
68,0.5405,41.3,0.0085,25.0,0.8,
69,0.5490,42.2,0.0085,25.0,0.9,
70,0.5575,43.0,0.0085,25.0,0.8,
71,0.5650,43.8,0.0075,25.0,0.8,
72,0.5735,44.7,0.0085,25.0,0.9,
73,0.5820,45.6,0.0085,24.9,0.9,
74,0.5905,46.5,0.0085,24.9,0.9,
75,0.5990,47.4,0.0085,25.0,0.9,
76,0.6075,48.2,0.0085,25.0,0.8,
77,0.6160,49.2,0.0085,25.0,1.0,
78,0.6235,49.9,0.0075,25.0,0.7,
79,0.6320,50.8,0.0085,25.0,0.9,
80,0.6405,51.6,0.0085,24.9,0.8,
81,0.6490,52.5,0.0085,24.9,0.9,
82,0.6575,53.3,0.0085,25.0,0.8,
83,0.6660,54.2,0.0085,25.0,0.9,
84,0.6735,54.9,0.0075,25.0,0.7,
85,0.6820,55.8,0.0085,24.9,0.9,
86,0.6905,56.8,0.0085,25.0,1.0,
87,0.6990,57.6,0.0085,25.0,0.8,
88,0.7075,58.4,0.0085,24.9,0.8,
89,0.7160,59.3,0.0085,25.0,0.9,
90,0.7245,60.2,0.0085,25.0,0.9,
91,0.7320,61.0,0.0075,24.9,0.8,
92,0.7405,61.9,0.0085,24.9,0.9,
93,0.7490,62.8,0.0085,24.9,0.9,
94,0.7575,63.6,0.0085,24.9,0.8,
95,0.7660,64.4,0.0085,24.9,0.8,
96,0.7745,65.2,0.0085,24.9,0.8,
97,0.7820,66.0,0.0075,24.9,0.8,
98,0.7905,66.8,0.0085,24.9,0.8,
99,0.7990,67.7,0.0085,24.9,0.9,
100,0.8075,68.6,0.0085,24.9,0.9,
101,0.8160,69.6,0.0085,24.9,1.0,
102,0.8245,70.4,0.0085,24.9,0.8,
103,0.8320,71.2,0.0075,24.9,0.8,
104,0.8405,72.2,0.0085,24.9,1.0,
105,0.8490,73.1,0.0085,24.9,0.9,
106,0.8575,74.1,0.0085,24.9,1.0,
107,0.8660,75.1,0.0085,24.9,1.0,
108,0.8745,76.0,0.0085,24.9,0.9,
109,0.8830,76.7,0.0085,24.9,0.7,
110,0.8905,77.7,0.0075,24.9,1.0,
111,0.8990,78.7,0.0085,24.9,1.0,
112,0.9075,79.6,0.0085,24.9,0.9,
113,0.9160,80.6,0.0085,24.9,1.0,
114,0.9245,81.7,0.0085,24.9,1.1,
115,0.9330,82.6,0.0085,24.9,0.9,
116,0.9405,83.4,0.0075,24.9,0.8,
117,0.9490,84.4,0.0085,24.9,1.0,
118,0.9575,85.6,0.0085,24.9,1.2,
119,0.9660,86.6,0.0085,24.9,1.0,
120,0.9745,87.6,0.0085,24.9,1.0,
121,0.9830,88.6,0.0085,24.9,1.0,
122,0.9905,89.6,0.0075,24.9,1.0,
123,0.9990,90.8,0.0085,24.9,1.2,
124,1.0075,91.6,0.0085,24.9,0.8,
125,1.0160,92.8,0.0085,24.9,1.2,
126,1.0245,94.0,0.0085,24.9,1.2,
127,1.0330,95.0,0.0085,24.9,1.0,
128,1.0405,96.0,0.0075,24.9,1.0,
129,1.0490,97.1,0.0085,24.9,1.1,
130,1.0575,98.1,0.0085,24.9,1.0,
131,1.0660,99.5,0.0085,24.9,1.4,
132,1.0745,100.7,0.0085,24.9,1.2,
133,1.0830,102.1,0.0085,24.9,1.4,
134,1.0915,103.4,0.0085,24.9,1.3,
135,1.0990,104.8,0.0075,24.9,1.4,
136,1.1075,106.3,0.0085,24.9,1.5,
137,1.1160,107.9,0.0085,24.9,1.6,
138,1.1245,109.5,0.0085,24.9,1.6,
139,1.1330,111.1,0.0085,24.9,1.6,
140,1.1415,112.7,0.0085,24.9,1.6,
141,1.1490,114.3,0.0075,24.9,1.6,
142,1.1575,116.1,0.0085,24.9,1.8,
143,1.1660,117.9,0.0085,24.9,1.8,
144,1.1745,119.7,0.0085,24.9,1.8,
145,1.1830,121.9,0.0085,24.9,2.2,
146,1.1915,124.1,0.0085,24.9,2.2,
147,1.2000,126.4,0.0085,24.9,2.3,
148,1.2075,128.6,0.0075,24.9,2.2,
149,1.2160,131.6,0.0085,24.9,3.0,
150,1.2245,134.4,0.0085,24.9,2.8,
151,1.2330,137.1,0.0085,24.9,2.7,
152,1.2415,140.0,0.0085,24.9,2.9,
153,1.2500,143.4,0.0085,24.9,3.4,
154,1.2575,146.5,0.0075,24.9,3.1,
155,1.2660,150.1,0.0085,24.9,3.6,
156,1.2745,153.6,0.0085,24.9,3.5,
157,1.2830,157.3,0.0085,24.9,3.7,
158,1.2915,161.1,0.0085,24.9,3.8,
159,1.3000,164.5,0.0085,24.9,3.4,
160,1.3085,167.6,0.0085,24.9,3.1,
161,1.3160,170.5,0.0075,24.9,2.9,
162,1.3245,173.7,0.0085,24.9,3.2,
163,1.3330,176.4,0.0085,24.9,2.7,
164,1.3415,179.4,0.0085,24.9,3.0,
165,1.3500,181.9,0.0085,24.9,2.5,
166,1.3585,184.3,0.0085,24.9,2.4,
166,1.3620,185.1,0.0035,24.9,0.8,
406,1.3620,189.7,0.0000,24.7,4.6,
408,1.3625,189.8,0.0005,24.7,0.1,
408,1.3640,189.7,0.0015,24.7,-0.1,
410,1.3665,189.8,0.0025,24.7,0.1,
411,1.3705,189.8,0.0040,24.7,0.0,
412,1.3770,190.5,0.0065,24.7,0.7,
413,1.3855,191.8,0.0085,24.7,1.3,
414,1.3940,193.3,0.0085,24.7,1.5,
414,1.4025,194.8,0.0085,24.7,1.5,
416,1.4100,196.5,0.0075,24.7,1.7,
416,1.4185,197.9,0.0085,24.7,1.4,
418,1.4270,199.2,0.0085,24.7,1.3,
419,1.4355,200.5,0.0085,24.7,1.3,
420,1.4440,201.7,0.0085,24.7,1.2,
421,1.4525,202.9,0.0085,24.7,1.2,
422,1.4600,204.0,0.0075,24.7,1.1,
423,1.4685,205.2,0.0085,24.7,1.2,
424,1.4770,206.2,0.0085,24.7,1.0,
425,1.4855,207.1,0.0085,24.7,0.9,
426,1.4940,208.0,0.0085,24.7,0.9,
427,1.5025,209.2,0.0085,24.7,1.2,
428,1.5100,210.1,0.0075,24.7,0.9,
429,1.5185,210.8,0.0085,24.7,0.7,
430,1.5270,211.7,0.0085,24.7,0.9,
431,1.5355,212.6,0.0085,24.7,0.9,
432,1.5440,213.5,0.0085,24.7,0.9,
433,1.5525,214.4,0.0085,24.7,0.9,
434,1.5610,214.9,0.0085,24.7,0.5,
434,1.5685,215.7,0.0075,24.7,0.8,
436,1.5770,216.3,0.0085,24.7,0.6,
437,1.5855,217.1,0.0085,24.7,0.8,
438,1.5940,217.7,0.0085,24.7,0.6,
439,1.6025,218.4,0.0085,24.7,0.7,
440,1.6110,219.0,0.0085,24.7,0.6,
440,1.6185,219.7,0.0075,24.7,0.7,
442,1.6270,220.2,0.0085,24.7,0.5,
443,1.6355,220.9,0.0085,24.7,0.7,
444,1.6440,221.3,0.0085,24.7,0.4,
445,1.6525,222.1,0.0085,24.7,0.8,
446,1.6610,222.6,0.0085,24.7,0.5,
446,1.6685,223.1,0.0075,24.7,0.5,
448,1.6770,223.7,0.0085,24.7,0.6,
449,1.6855,224.2,0.0085,24.7,0.5,
450,1.6940,224.6,0.0085,24.7,0.4,
451,1.7025,225.2,0.0085,24.7,0.6,
452,1.7110,225.8,0.0085,24.7,0.6,
452,1.7185,226.1,0.0075,24.7,0.3,
454,1.7270,226.6,0.0085,24.7,0.5,
454,1.7355,227.1,0.0085,24.7,0.5,
456,1.7440,227.6,0.0085,24.7,0.5,
457,1.7525,228.1,0.0085,24.7,0.5,
458,1.7610,228.5,0.0085,24.7,0.4,
458,1.7695,229.0,0.0085,24.7,0.5,
460,1.7770,229.4,0.0075,24.7,0.4,
460,1.7855,229.8,0.0085,24.7,0.4,
462,1.7940,230.2,0.0085,24.7,0.4,
463,1.8025,230.6,0.0085,24.7,0.4,
464,1.8110,230.9,0.0085,24.7,0.3,
465,1.8195,231.4,0.0085,24.7,0.5,
466,1.8270,231.8,0.0075,24.7,0.4,
467,1.8355,232.2,0.0085,24.7,0.4,
468,1.8440,232.6,0.0085,24.7,0.4,
469,1.8525,232.9,0.0085,24.7,0.3,
470,1.8610,233.3,0.0085,24.7,0.4,
471,1.8690,233.7,0.0080,24.7,0.4,
472,1.8740,234.0,0.0050,24.7,0.3,
472,1.8765,234.1,0.0025,24.7,0.1,
474,1.8800,234.3,0.0035,24.7,0.2,
475,1.8840,234.4,0.0040,24.7,0.1,
476,1.8855,234.5,0.0015,24.7,0.1,
477,1.8860,234.6,0.0005,24.7,0.1,
478,1.8875,234.6,0.0015,24.7,0.0,
478,1.8895,234.7,0.0020,24.7,0.1,
480,1.8925,234.8,0.0030,24.7,0.1,
481,1.8970,235.0,0.0045,24.7,0.2,
,1.8970,235.0,,,,EP
481,1.8985,235.0,0.0015,24.7,0.0,
Titration (EP) [1],,"Scope 1/1, Sample 3/9",,,,
Measured Values,,"Scope 1/1, Sample 3/9",,,,
Time,V,Meas. value,dV,Temp.,dE,EP
[s],[mL],[mV],[mL],[°C],[mV],
0,0.0000,-35.7,,24.8,,
1,0.0010,-35.8,0.0010,24.8,-0.1,
2,0.0025,-35.8,0.0015,24.8,0.0,
3,0.0050,-35.9,0.0025,24.8,-0.1,
4,0.0090,-35.9,0.0040,24.8,0.0,
5,0.0150,-35.8,0.0060,24.8,0.1,
6,0.0235,-35.5,0.0085,24.8,0.3,
7,0.0320,-34.9,0.0085,24.8,0.6,
8,0.0395,-34.3,0.0075,24.8,0.6,
9,0.0480,-33.5,0.0085,24.8,0.8,
10,0.0565,-32.4,0.0085,24.8,1.1,
11,0.0650,-31.1,0.0085,24.8,1.3,
12,0.0735,-29.7,0.0085,24.8,1.4,
13,0.0820,-28.3,0.0085,24.8,1.4,
14,0.0900,-26.8,0.0080,24.8,1.5,
15,0.0985,-25.2,0.0085,24.8,1.6,
16,0.1065,-23.5,0.0080,24.8,1.7,
17,0.1150,-21.6,0.0085,24.8,1.9,
18,0.1235,-19.9,0.0085,24.8,1.7,
19,0.1320,-18.0,0.0085,24.8,1.9,
20,0.1405,-16.2,0.0085,24.8,1.8,
21,0.1485,-14.4,0.0080,24.8,1.8,
22,0.1565,-12.6,0.0080,24.8,1.8,
23,0.1650,-10.9,0.0085,24.8,1.7,
24,0.1735,-9.3,0.0085,24.8,1.6,
25,0.1820,-7.9,0.0085,24.8,1.4,
26,0.1905,-6.5,0.0085,24.8,1.4,
27,0.1985,-4.4,0.0080,24.8,2.1,
28,0.2070,-2.7,0.0085,24.8,1.7,
29,0.2150,-1.2,0.0080,24.8,1.5,
30,0.2235,-0.8,0.0085,24.8,0.4,
31,0.2320,-0.1,0.0085,24.8,0.7,
32,0.2405,2.1,0.0085,24.8,2.2,
33,0.2485,2.8,0.0080,24.8,0.7,
34,0.2570,3.7,0.0085,24.8,0.9,
35,0.2650,4.7,0.0080,24.8,1.0,
36,0.2735,5.5,0.0085,24.8,0.8,
37,0.2820,6.3,0.0085,24.8,0.8,
38,0.2905,7.6,0.0085,24.8,1.3,
39,0.2990,9.0,0.0085,24.8,1.4,
40,0.3070,10.1,0.0080,24.8,1.1,
41,0.3150,11.3,0.0080,24.8,1.2,
42,0.3235,12.3,0.0085,24.8,1.0,
43,0.3320,13.4,0.0085,24.8,1.1,
44,0.3405,14.4,0.0085,24.8,1.0,
45,0.3490,15.3,0.0085,24.8,0.9,
46,0.3565,16.2,0.0075,24.8,0.9,
47,0.3650,17.2,0.0085,24.8,1.0,
48,0.3735,18.0,0.0085,24.8,0.8,
49,0.3820,19.0,0.0085,24.8,1.0,
50,0.3905,19.9,0.0085,24.8,0.9,
51,0.3990,20.8,0.0085,24.8,0.9,
52,0.4075,21.6,0.0085,24.8,0.8,
53,0.4150,22.5,0.0075,24.8,0.9,
54,0.4235,23.5,0.0085,24.8,1.0,
55,0.4320,24.4,0.0085,24.8,0.9,
56,0.4405,25.3,0.0085,24.8,0.9,
57,0.4490,26.2,0.0085,24.8,0.9,
58,0.4575,27.1,0.0085,24.8,0.9,
59,0.4650,27.8,0.0075,24.8,0.7,
60,0.4735,28.8,0.0085,24.7,1.0,
61,0.4820,29.7,0.0085,24.8,0.9,
62,0.4905,30.6,0.0085,24.8,0.9,
63,0.4990,31.5,0.0085,24.8,0.9,
64,0.5075,32.3,0.0085,24.8,0.8,
65,0.5155,33.1,0.0080,24.8,0.8,
66,0.5240,33.9,0.0085,24.8,0.8,
67,0.5320,34.8,0.0080,24.8,0.9,
68,0.5405,35.6,0.0085,24.8,0.8,
69,0.5490,36.6,0.0085,24.8,1.0,
70,0.5575,37.6,0.0085,24.8,1.0,
71,0.5655,38.3,0.0080,24.7,0.7,
72,0.5740,39.2,0.0085,24.7,0.9,
73,0.5825,40.1,0.0085,24.7,0.9,
74,0.5905,41.0,0.0080,24.8,0.9,
75,0.5990,41.9,0.0085,24.8,0.9,
76,0.6075,42.7,0.0085,24.8,0.8,
77,0.6160,43.6,0.0085,24.8,0.9,
78,0.6240,44.4,0.0080,24.8,0.8,
79,0.6325,45.3,0.0085,24.7,0.9,
80,0.6405,46.2,0.0080,24.7,0.9,
81,0.6490,47.2,0.0085,24.7,1.0,
82,0.6575,48.1,0.0085,24.8,0.9,
83,0.6660,49.0,0.0085,24.8,0.9,
84,0.6740,49.8,0.0080,24.7,0.8,
85,0.6825,50.7,0.0085,24.7,0.9,
86,0.6910,51.6,0.0085,24.8,0.9,
87,0.6990,52.5,0.0080,24.8,0.9,
88,0.7075,53.5,0.0085,24.8,1.0,
89,0.7160,54.4,0.0085,24.8,0.9,
90,0.7240,55.2,0.0080,24.7,0.8,
91,0.7325,56.1,0.0085,24.8,0.9,
92,0.7410,56.9,0.0085,24.8,0.8,
93,0.7490,57.8,0.0080,24.7,0.9,
94,0.7575,58.7,0.0085,24.7,0.9,
95,0.7660,59.7,0.0085,24.7,1.0,
96,0.7745,60.5,0.0085,24.7,0.8,
97,0.7825,61.4,0.0080,24.7,0.9,
98,0.7910,62.3,0.0085,24.8,0.9,
99,0.7990,63.2,0.0080,24.7,0.9,
100,0.8075,64.2,0.0085,24.7,1.0,
101,0.8160,65.1,0.0085,24.7,0.9,
102,0.8245,66.0,0.0085,24.8,0.9,
103,0.8325,66.8,0.0080,24.7,0.8,
104,0.8410,67.9,0.0085,24.7,1.1,
105,0.8490,68.9,0.0080,24.7,1.0,
106,0.8575,69.8,0.0085,24.7,0.9,
107,0.8660,71.0,0.0085,24.7,1.2,
108,0.8745,72.0,0.0085,24.7,1.0,
109,0.8825,72.9,0.0080,24.7,0.9,
110,0.8905,73.8,0.0080,24.7,0.9,
111,0.8990,74.8,0.0085,24.7,1.0,
112,0.9075,76.0,0.0085,24.7,1.2,
113,0.9160,76.9,0.0085,24.7,0.9,
114,0.9245,78.0,0.0085,24.7,1.1,
115,0.9330,79.1,0.0085,24.7,1.1,
116,0.9410,80.1,0.0080,24.7,1.0,
117,0.9490,81.0,0.0080,24.7,0.9,
118,0.9575,82.0,0.0085,24.7,1.0,
119,0.9660,83.0,0.0085,24.7,1.0,
120,0.9745,84.0,0.0085,24.7,1.0,
121,0.9830,85.3,0.0085,24.7,1.3,
122,0.9910,86.2,0.0080,24.7,0.9,
123,0.9990,87.4,0.0080,24.7,1.2,
124,1.0075,88.6,0.0085,24.7,1.2,
125,1.0160,89.7,0.0085,24.7,1.1,
126,1.0245,90.7,0.0085,24.7,1.0,
127,1.0330,91.9,0.0085,24.7,1.2,
128,1.0415,93.1,0.0085,24.7,1.2,
129,1.0490,94.2,0.0075,24.7,1.1,
130,1.0575,95.4,0.0085,24.7,1.2,
131,1.0660,96.8,0.0085,24.7,1.4,
132,1.0745,98.1,0.0085,24.7,1.3,
133,1.0830,99.6,0.0085,24.7,1.5,
134,1.0915,101.0,0.0085,24.7,1.4,
135,1.0995,102.4,0.0080,24.7,1.4,
136,1.1075,103.9,0.0080,24.7,1.5,
137,1.1160,105.4,0.0085,24.7,1.5,
138,1.1245,107.0,0.0085,24.7,1.6,
139,1.1330,108.6,0.0085,24.7,1.6,
140,1.1415,110.0,0.0085,24.7,1.4,
141,1.1495,111.3,0.0080,24.7,1.3,
142,1.1575,113.2,0.0080,24.7,1.9,
143,1.1660,115.0,0.0085,24.7,1.8,
144,1.1745,117.1,0.0085,24.7,2.1,
145,1.1830,119.2,0.0085,24.7,2.1,
146,1.1915,121.8,0.0085,24.7,2.6,
147,1.2000,124.3,0.0085,24.7,2.5,
148,1.2075,126.4,0.0075,24.7,2.1,
149,1.2160,128.8,0.0085,24.7,2.4,
150,1.2245,131.2,0.0085,24.7,2.4,
151,1.2330,134.3,0.0085,24.7,3.1,
152,1.2415,137.4,0.0085,24.7,3.1,
153,1.2500,140.6,0.0085,24.7,3.2,
154,1.2575,143.4,0.0075,24.7,2.8,
155,1.2660,147.6,0.0085,24.7,4.2,
156,1.2745,151.1,0.0085,24.7,3.5,
157,1.2830,154.4,0.0085,24.7,3.3,
158,1.2915,158.3,0.0085,24.7,3.9,
159,1.3000,162.3,0.0085,24.7,4.0,
160,1.3085,165.6,0.0085,24.7,3.3,
161,1.3160,168.7,0.0075,24.7,3.1,
162,1.3245,171.9,0.0085,24.7,3.2,
163,1.3330,174.8,0.0085,24.7,2.9,
164,1.3415,177.6,0.0085,24.7,2.8,
165,1.3500,180.4,0.0085,24.7,2.8,
166,1.3585,182.7,0.0085,24.7,2.3,
167,1.3660,184.8,0.0075,24.7,2.1,
168,1.3700,185.1,0.0040,24.7,0.3,
408,1.3700,190.2,0.0000,24.6,5.1,
409,1.3705,190.1,0.0005,24.6,-0.1,
410,1.3725,190.1,0.0020,24.6,0.0,
411,1.3750,190.2,0.0025,24.6,0.1,
412,1.3790,190.5,0.0040,24.6,0.3,
413,1.3845,191.0,0.0055,24.6,0.5,
414,1.3930,191.9,0.0085,24.6,0.9,
415,1.4015,193.8,0.0085,24.6,1.9,
416,1.4100,195.2,0.0085,24.6,1.4,
417,1.4185,196.7,0.0085,24.6,1.5,
418,1.4270,198.3,0.0085,24.6,1.6,
419,1.4345,199.4,0.0075,24.6,1.1,
420,1.4430,200.8,0.0085,24.6,1.4,
421,1.4515,201.8,0.0085,24.6,1.0,
422,1.4600,203.2,0.0085,24.6,1.4,
423,1.4685,204.3,0.0085,24.6,1.1,
424,1.4770,205.4,0.0085,24.6,1.1,
425,1.4855,206.5,0.0085,24.6,1.1,
426,1.4930,207.5,0.0075,24.6,1.0,
427,1.5015,208.4,0.0085,24.6,0.9,
428,1.5100,209.3,0.0085,24.6,0.9,
429,1.5185,210.2,0.0085,24.6,0.9,
430,1.5270,211.1,0.0085,24.6,0.9,
431,1.5355,211.9,0.0085,24.6,0.8,
432,1.5430,212.6,0.0075,24.6,0.7,
433,1.5515,213.5,0.0085,24.6,0.9,
434,1.5600,214.3,0.0085,24.6,0.8,
435,1.5685,215.0,0.0085,24.6,0.7,
436,1.5770,215.7,0.0085,24.6,0.7,
437,1.5855,216.5,0.0085,24.6,0.8,
438,1.5940,217.1,0.0085,24.6,0.6,
439,1.6015,217.7,0.0075,24.6,0.6,
440,1.6100,218.4,0.0085,24.6,0.7,
441,1.6185,219.1,0.0085,24.6,0.7,
442,1.6270,219.8,0.0085,24.6,0.7,
443,1.6355,220.3,0.0085,24.6,0.5,
444,1.6440,221.0,0.0085,24.5,0.7,
445,1.6515,221.5,0.0075,24.6,0.5,
446,1.6600,222.0,0.0085,24.6,0.5,
447,1.6685,222.5,0.0085,24.6,0.5,
448,1.6770,223.2,0.0085,24.6,0.7,
449,1.6855,223.6,0.0085,24.6,0.4,
450,1.6940,224.2,0.0085,24.6,0.6,
451,1.7015,224.7,0.0075,24.6,0.5,
452,1.7100,225.2,0.0085,24.6,0.5,
453,1.7185,225.7,0.0085,24.6,0.5,
454,1.7270,226.1,0.0085,24.6,0.4,
455,1.7355,226.6,0.0085,24.6,0.5,
456,1.7440,227.1,0.0085,24.6,0.5,
457,1.7515,227.6,0.0075,24.6,0.5,
458,1.7600,228.0,0.0085,24.6,0.4,
459,1.7685,228.5,0.0085,24.6,0.5,
460,1.7770,228.8,0.0085,24.5,0.3,
461,1.7855,229.3,0.0085,24.6,0.5,
462,1.7940,229.8,0.0085,24.6,0.5,
463,1.8025,230.1,0.0085,24.6,0.3,
464,1.8100,230.5,0.0075,24.6,0.4,
465,1.8185,230.9,0.0085,24.6,0.4,
466,1.8270,231.3,0.0085,24.6,0.4,
467,1.8355,231.7,0.0085,24.6,0.4,
468,1.8440,232.2,0.0085,24.6,0.5,
469,1.8525,232.4,0.0085,24.6,0.2,
470,1.8600,232.8,0.0075,24.6,0.4,
471,1.8685,233.2,0.0085,24.6,0.4,
472,1.8760,233.5,0.0075,24.6,0.3,
473,1.8840,233.9,0.0080,24.6,0.4,
474,1.8885,234.2,0.0045,24.6,0.3,
475,1.8895,234.3,0.0010,24.6,0.1,
476,1.8900,234.3,0.0005,24.5,0.0,
477,1.8920,234.4,0.0020,24.6,0.1,
478,1.8940,234.4,0.0020,24.5,0.0,
479,1.8970,234.6,0.0030,24.6,0.2,
480,1.8990,234.7,0.0020,24.6,0.1,
481,1.9015,234.8,0.0025,24.5,0.1,
482,1.9045,234.9,0.0030,24.5,0.1,
483,1.9080,235.0,0.0035,24.5,0.1,
,1.9080,235.0,,,,EP
Titration (EP) [1],,"Scope 1/1, Sample 4/9",,,,
Measured Values,,"Scope 1/1, Sample 4/9",,,,
Time,V,Meas. value,dV,Temp.,dE,EP
[s],[mL],[mV],[mL],[°C],[mV],
0,0.0000,-48.3,,24.6,,
1,0.0010,-48.3,0.0010,24.6,0.0,
2,0.0025,-48.3,0.0015,24.6,0.0,
3,0.0050,-48.4,0.0025,24.6,-0.1,
4,0.0085,-48.4,0.0035,24.6,0.0,
5,0.0150,-48.3,0.0065,24.6,0.1,
6,0.0230,-48.0,0.0080,24.6,0.3,
7,0.0315,-47.6,0.0085,24.6,0.4,
8,0.0395,-47.0,0.0080,24.6,0.6,
9,0.0480,-46.1,0.0085,24.6,0.9,
10,0.0560,-45.1,0.0080,24.6,1.0,
11,0.0645,-44.1,0.0085,24.6,1.0,
12,0.0730,-43.0,0.0085,24.6,1.1,
13,0.0815,-41.7,0.0085,24.6,1.3,
14,0.0895,-40.5,0.0080,24.6,1.2,
15,0.0980,-39.1,0.0085,24.6,1.4,
16,0.1065,-37.6,0.0085,24.6,1.5,
17,0.1145,-36.1,0.0080,24.6,1.5,
18,0.1230,-34.3,0.0085,24.6,1.8,
19,0.1315,-32.4,0.0085,24.6,1.9,
20,0.1400,-30.5,0.0085,24.6,1.9,
21,0.1480,-28.7,0.0080,24.6,1.8,
22,0.1565,-26.7,0.0085,24.6,2.0,
23,0.1650,-24.7,0.0085,24.6,2.0,
24,0.1730,-22.6,0.0080,24.6,2.1,
25,0.1815,-20.4,0.0085,24.6,2.2,
26,0.1900,-18.3,0.0085,24.6,2.1,
27,0.1980,-16.5,0.0080,24.6,1.8,
28,0.2065,-14.5,0.0085,24.6,2.0,
29,0.2150,-12.6,0.0085,24.6,1.9,
30,0.2230,-10.8,0.0080,24.6,1.8,
31,0.2315,-9.2,0.0085,24.6,1.6,
32,0.2400,-7.8,0.0085,24.6,1.4,
33,0.2480,-6.5,0.0080,24.6,1.3,
34,0.2565,-4.4,0.0085,24.6,2.1,
35,0.2650,-2.6,0.0085,24.6,1.8,
36,0.2735,-1.1,0.0085,24.6,1.5,
37,0.2815,-0.9,0.0080,24.6,0.2,
38,0.2900,0.1,0.0085,24.6,1.0,
39,0.2985,2.5,0.0085,24.6,2.4,
40,0.3065,3.0,0.0080,24.6,0.5,
41,0.3150,4.0,0.0085,24.6,1.0,
42,0.3235,4.9,0.0085,24.6,0.9,
43,0.3315,5.7,0.0080,24.6,0.8,
44,0.3400,6.8,0.0085,24.6,1.1,
45,0.3485,8.2,0.0085,24.6,1.4,
46,0.3565,9.4,0.0080,24.6,1.2,
47,0.3650,10.7,0.0085,24.6,1.3,
48,0.3730,11.9,0.0080,24.6,1.2,
49,0.3815,13.0,0.0085,24.6,1.1,
50,0.3900,14.0,0.0085,24.6,1.0,
51,0.3985,15.0,0.0085,24.6,1.0,
52,0.4070,15.9,0.0085,24.6,0.9,
53,0.4150,16.9,0.0080,24.6,1.0,
54,0.4235,17.9,0.0085,24.6,1.0,
55,0.4315,18.9,0.0080,24.6,1.0,
56,0.4400,19.8,0.0085,24.6,0.9,
57,0.4485,20.7,0.0085,24.6,0.9,
58,0.4570,21.7,0.0085,24.6,1.0,
59,0.4650,22.5,0.0080,24.6,0.8,
60,0.4735,23.4,0.0085,24.6,0.9,
61,0.4815,24.4,0.0080,24.6,1.0,
62,0.4900,25.3,0.0085,24.6,0.9,
63,0.4985,26.3,0.0085,24.6,1.0,
64,0.5070,27.2,0.0085,24.6,0.9,
65,0.5150,28.1,0.0080,24.6,0.9,
66,0.5230,29.0,0.0080,24.6,0.9,
67,0.5315,30.0,0.0085,24.6,1.0,
68,0.5400,30.9,0.0085,24.6,0.9,
69,0.5485,31.8,0.0085,24.6,0.9,
70,0.5570,32.7,0.0085,24.6,0.9,
71,0.5655,33.6,0.0085,24.6,0.9,
72,0.5735,34.5,0.0080,24.6,0.9,
73,0.5820,35.4,0.0085,24.6,0.9,
74,0.5900,36.4,0.0080,24.6,1.0,
75,0.5985,37.3,0.0085,24.6,0.9,
76,0.6070,38.2,0.0085,24.6,0.9,
77,0.6155,39.1,0.0085,24.6,0.9,
78,0.6235,40.0,0.0080,24.6,0.9,
79,0.6320,41.0,0.0085,24.6,1.0,
80,0.6405,41.9,0.0085,24.6,0.9,
81,0.6485,42.9,0.0080,24.6,1.0,
82,0.6570,43.8,0.0085,24.6,0.9,
83,0.6655,44.7,0.0085,24.6,0.9,
84,0.6735,45.6,0.0080,24.6,0.9,
85,0.6820,46.6,0.0085,24.6,1.0,
86,0.6900,47.6,0.0080,24.6,1.0,
87,0.6985,48.6,0.0085,24.6,1.0,
88,0.7070,49.5,0.0085,24.6,0.9,
89,0.7155,50.4,0.0085,24.6,0.9,
90,0.7240,51.4,0.0085,24.6,1.0,
91,0.7320,52.3,0.0080,24.6,0.9,
92,0.7405,53.3,0.0085,24.6,1.0,
93,0.7490,54.3,0.0085,24.6,1.0,
94,0.7570,55.3,0.0080,24.6,1.0,
95,0.7655,56.5,0.0085,24.6,1.2,
96,0.7740,57.4,0.0085,24.6,0.9,
97,0.7820,58.4,0.0080,24.6,1.0,
98,0.7905,59.4,0.0085,24.6,1.0,
99,0.7990,60.4,0.0085,24.6,1.0,
100,0.8075,61.4,0.0085,24.6,1.0,
101,0.8155,62.4,0.0080,24.6,1.0,
102,0.8240,63.4,0.0085,24.6,1.0,
103,0.8320,64.2,0.0080,24.6,0.8,
104,0.8405,65.2,0.0085,24.6,1.0,
105,0.8490,66.3,0.0085,24.6,1.1,
106,0.8575,67.2,0.0085,24.6,0.9,
107,0.8655,68.3,0.0080,24.6,1.1,
108,0.8740,69.3,0.0085,24.6,1.0,
109,0.8820,70.3,0.0080,24.6,1.0,
110,0.8905,71.3,0.0085,24.6,1.0,
111,0.8990,72.4,0.0085,24.6,1.1,
112,0.9070,73.4,0.0080,24.6,1.0,
113,0.9155,74.4,0.0085,24.5,1.0,
114,0.9240,75.4,0.0085,24.5,1.0,
115,0.9325,76.4,0.0085,24.5,1.0,
116,0.9405,77.5,0.0080,24.5,1.1,
117,0.9490,78.6,0.0085,24.6,1.1,
118,0.9575,79.7,0.0085,24.6,1.1,
119,0.9655,80.7,0.0080,24.6,1.0,
120,0.9740,81.8,0.0085,24.6,1.1,
121,0.9825,82.8,0.0085,24.6,1.0,
122,0.9905,83.7,0.0080,24.5,0.9,
123,0.9990,84.8,0.0085,24.5,1.1,
124,1.0075,86.1,0.0085,24.5,1.3,
125,1.0160,87.4,0.0085,24.5,1.3,
126,1.0245,88.6,0.0085,24.6,1.2,
127,1.0330,89.8,0.0085,24.5,1.2,
128,1.0405,91.1,0.0075,24.5,1.3,
129,1.0490,92.3,0.0085,24.6,1.2,
130,1.0575,93.6,0.0085,24.6,1.3,
131,1.0660,94.9,0.0085,24.6,1.3,
132,1.0745,96.4,0.0085,24.5,1.5,
133,1.0830,97.8,0.0085,24.5,1.4,
134,1.0905,99.4,0.0075,24.5,1.6,
135,1.0990,101.0,0.0085,24.5,1.6,
136,1.1075,102.6,0.0085,24.5,1.6,
137,1.1160,104.2,0.0085,24.5,1.6,
138,1.1245,105.9,0.0085,24.5,1.7,
139,1.1330,107.4,0.0085,24.5,1.5,
140,1.1415,108.9,0.0085,24.5,1.5,
141,1.1490,110.4,0.0075,24.5,1.5,
142,1.1575,112.2,0.0085,24.6,1.8,
143,1.1660,114.2,0.0085,24.5,2.0,
144,1.1745,116.1,0.0085,24.5,1.9,
145,1.1830,118.4,0.0085,24.5,2.3,
146,1.1915,120.4,0.0085,24.5,2.0,
147,1.1990,122.7,0.0075,24.5,2.3,
148,1.2075,125.4,0.0085,24.5,2.7,
149,1.2160,128.0,0.0085,24.5,2.6,
150,1.2245,130.8,0.0085,24.5,2.8,
151,1.2330,133.6,0.0085,24.5,2.8,
152,1.2415,137.3,0.0085,24.5,3.7,
153,1.2490,140.3,0.0075,24.5,3.0,
154,1.2575,144.0,0.0085,24.5,3.7,
155,1.2660,147.5,0.0085,24.5,3.5,
156,1.2745,151.0,0.0085,24.5,3.5,
157,1.2830,154.9,0.0085,24.5,3.9,
158,1.2915,158.7,0.0085,24.5,3.8,
159,1.2990,162.0,0.0075,24.5,3.3,
160,1.3075,166.0,0.0085,24.5,4.0,
161,1.3160,169.3,0.0085,24.5,3.3,
162,1.3245,172.6,0.0085,24.5,3.3,
163,1.3330,175.7,0.0085,24.5,3.1,
164,1.3415,178.5,0.0085,24.5,2.8,
165,1.3500,180.8,0.0085,24.5,2.3,
166,1.3575,183.3,0.0075,24.5,2.5,
167,1.3670,185.1,0.0095,24.5,1.8,
407,1.3670,190.1,0.0000,24.4,5.0,
408,1.3675,190.1,0.0005,24.4,0.0,
409,1.3690,190.1,0.0015,24.4,0.0,
410,1.3715,190.1,0.0025,24.4,0.0,
411,1.3755,190.3,0.0040,24.4,0.2,
412,1.3815,191.1,0.0060,24.4,0.8,
413,1.3900,192.5,0.0085,24.4,1.4,
414,1.3985,193.9,0.0085,24.4,1.4,
415,1.4060,195.3,0.0075,24.4,1.4,
416,1.4145,196.7,0.0085,24.4,1.4,
417,1.4230,198.4,0.0085,24.4,1.7,
418,1.4315,199.6,0.0085,24.4,1.2,
419,1.4400,201.0,0.0085,24.4,1.4,
420,1.4485,202.4,0.0085,24.4,1.4,
421,1.4570,203.5,0.0085,24.4,1.1,
422,1.4645,204.6,0.0075,24.4,1.1,
423,1.4730,205.6,0.0085,24.4,1.0,
424,1.4815,206.5,0.0085,24.4,0.9,
425,1.4900,207.5,0.0085,24.4,1.0,
426,1.4985,208.5,0.0085,24.4,1.0,
427,1.5070,209.4,0.0085,24.4,0.9,
428,1.5145,210.2,0.0075,24.4,0.8,
429,1.5230,211.1,0.0085,24.4,0.9,
430,1.5315,212.0,0.0085,24.4,0.9,
432,1.5400,213.0,0.0085,24.4,1.0,
432,1.5485,213.7,0.0085,24.4,0.7,
434,1.5570,214.4,0.0085,24.4,0.7,
434,1.5645,215.1,0.0075,24.4,0.7,
435,1.5730,215.9,0.0085,24.4,0.8,
436,1.5815,216.6,0.0085,24.4,0.7,
437,1.5900,217.2,0.0085,24.4,0.6,
438,1.5985,218.0,0.0085,24.4,0.8,
439,1.6070,218.6,0.0085,24.4,0.6,
440,1.6145,219.2,0.0075,24.4,0.6,
441,1.6230,219.8,0.0085,24.4,0.6,
442,1.6315,220.5,0.0085,24.4,0.7,
443,1.6400,221.1,0.0085,24.4,0.6,
444,1.6485,221.6,0.0085,24.4,0.5,
445,1.6570,222.2,0.0085,24.4,0.6,
446,1.6655,222.7,0.0085,24.4,0.5,
447,1.6730,223.3,0.0075,24.4,0.6,
448,1.6815,223.9,0.0085,24.4,0.6,
449,1.6900,224.3,0.0085,24.4,0.4,
450,1.6985,224.8,0.0085,24.4,0.5,
451,1.7070,225.4,0.0085,24.4,0.6,
452,1.7155,225.9,0.0085,24.4,0.5,
453,1.7230,226.4,0.0075,24.4,0.5,
454,1.7315,226.7,0.0085,24.4,0.3,
455,1.7400,227.2,0.0085,24.4,0.5,
456,1.7485,227.7,0.0085,24.4,0.5,
457,1.7570,228.2,0.0085,24.4,0.5,
458,1.7655,228.6,0.0085,24.4,0.4,
459,1.7740,229.0,0.0085,24.4,0.4,
460,1.7815,229.5,0.0075,24.4,0.5,
461,1.7900,229.8,0.0085,24.4,0.3,
462,1.7985,230.2,0.0085,24.4,0.4,
463,1.8070,230.7,0.0085,24.4,0.5,
464,1.8155,231.2,0.0085,24.4,0.5,
465,1.8240,231.5,0.0085,24.4,0.3,
466,1.8315,231.9,0.0075,24.4,0.4,
467,1.8400,232.1,0.0085,24.4,0.2,
468,1.8485,232.6,0.0085,24.4,0.5,
469,1.8570,233.1,0.0085,24.4,0.5,
470,1.8655,233.3,0.0085,24.4,0.2,
471,1.8735,233.7,0.0080,24.4,0.4,
472,1.8800,234.1,0.0065,24.4,0.4,
473,1.8835,234.2,0.0035,24.4,0.1,
474,1.8840,234.3,0.0005,24.4,0.1,
475,1.8850,234.4,0.0010,24.4,0.1,
476,1.8865,234.5,0.0015,24.4,0.1,
477,1.8890,234.5,0.0025,24.4,0.0,
478,1.8920,234.6,0.0030,24.4,0.1,
479,1.8950,234.8,0.0030,24.4,0.2,
480,1.8965,234.9,0.0015,24.4,0.1,
481,1.8970,234.9,0.0005,24.4,0.0,
482,1.8985,234.9,0.0015,24.4,0.0,
484,1.9005,235.0,0.0020,24.4,0.1,
,1.9005,235.0,,,,EP
Titration (EP) [1],,"Scope 1/1, Sample 5/9",,,,
Measured Values,,"Scope 1/1, Sample 5/9",,,,
Time,V,Meas. value,dV,Temp.,dE,EP
[s],[mL],[mV],[mL],[°C],[mV],
0,0.0000,-22.9,,24.4,,
1,0.0010,-23.0,0.0010,24.4,-0.1,
2,0.0025,-23.1,0.0015,24.4,-0.1,
3,0.0050,-23.1,0.0025,24.4,0.0,
4,0.0085,-23.1,0.0035,24.4,0.0,
5,0.0150,-23.0,0.0065,24.4,0.1,
6,0.0230,-22.7,0.0080,24.4,0.3,
7,0.0315,-22.2,0.0085,24.4,0.5,
8,0.0390,-21.6,0.0075,24.4,0.6,
9,0.0475,-20.6,0.0085,24.3,1.0,
10,0.0560,-19.5,0.0085,24.4,1.1,
11,0.0645,-18.1,0.0085,24.4,1.4,
12,0.0730,-16.7,0.0085,24.4,1.4,
13,0.0815,-15.1,0.0085,24.4,1.6,
14,0.0890,-13.6,0.0075,24.4,1.5,
15,0.0975,-12.0,0.0085,24.4,1.6,
16,0.1060,-10.4,0.0085,24.4,1.6,
17,0.1145,-9.0,0.0085,24.4,1.4,
18,0.1230,-7.7,0.0085,24.3,1.3,
19,0.1315,-6.3,0.0085,24.4,1.4,
20,0.1390,-4.4,0.0075,24.4,1.9,
21,0.1475,-2.7,0.0085,24.4,1.7,
22,0.1560,-1.3,0.0085,24.4,1.4,
23,0.1645,-0.7,0.0085,24.3,0.6,
24,0.1730,-0.2,0.0085,24.4,0.5,
25,0.1815,1.2,0.0085,24.4,1.4,
26,0.1900,2.5,0.0085,24.4,1.3,
27,0.1975,3.4,0.0075,24.3,0.9,
28,0.2060,4.3,0.0085,24.3,0.9,
29,0.2145,5.1,0.0085,24.3,0.8,
30,0.2230,5.9,0.0085,24.4,0.8,
31,0.2315,6.9,0.0085,24.4,1.0,
32,0.2400,8.1,0.0085,24.3,1.2,
33,0.2475,9.3,0.0075,24.3,1.2,
34,0.2560,10.6,0.0085,24.3,1.3,
35,0.2645,11.6,0.0085,24.4,1.0,
36,0.2730,12.6,0.0085,24.3,1.0,
37,0.2815,13.6,0.0085,24.4,1.0,
38,0.2900,14.6,0.0085,24.3,1.0,
39,0.2985,15.4,0.0085,24.3,0.8,
40,0.3060,16.3,0.0075,24.4,0.9,
41,0.3145,17.2,0.0085,24.3,0.9,
42,0.3230,17.9,0.0085,24.3,0.7,
43,0.3315,18.9,0.0085,24.4,1.0,
44,0.3400,19.8,0.0085,24.4,0.9,
45,0.3485,20.6,0.0085,24.4,0.8,
46,0.3560,21.4,0.0075,24.3,0.8,
47,0.3645,22.2,0.0085,24.3,0.8,
48,0.3730,23.1,0.0085,24.4,0.9,
49,0.3815,23.8,0.0085,24.3,0.7,
50,0.3900,24.7,0.0085,24.3,0.9,
51,0.3985,25.5,0.0085,24.3,0.8,
52,0.4060,26.3,0.0075,24.3,0.8,
53,0.4145,27.1,0.0085,24.3,0.8,
54,0.4230,28.0,0.0085,24.3,0.9,
55,0.4315,28.9,0.0085,24.4,0.9,
56,0.4400,29.7,0.0085,24.3,0.8,
57,0.4485,30.6,0.0085,24.3,0.9,
58,0.4570,31.3,0.0085,24.3,0.7,
59,0.4645,32.2,0.0075,24.4,0.9,
60,0.4730,33.0,0.0085,24.3,0.8,
61,0.4815,33.8,0.0085,24.3,0.8,
62,0.4900,34.6,0.0085,24.3,0.8,
63,0.4985,35.5,0.0085,24.3,0.9,
64,0.5070,36.3,0.0085,24.3,0.8,
65,0.5145,37.1,0.0075,24.3,0.8,
66,0.5230,37.9,0.0085,24.3,0.8,
67,0.5315,38.8,0.0085,24.3,0.9,
68,0.5400,39.6,0.0085,24.3,0.8,
69,0.5485,40.4,0.0085,24.3,0.8,
70,0.5570,41.3,0.0085,24.3,0.9,
71,0.5645,42.0,0.0075,24.3,0.7,
72,0.5730,42.8,0.0085,24.3,0.8,
73,0.5815,43.6,0.0085,24.3,0.8,
74,0.5900,44.4,0.0085,24.3,0.8,
75,0.5985,45.3,0.0085,24.3,0.9,
76,0.6070,46.2,0.0085,24.3,0.9,
77,0.6155,47.0,0.0085,24.3,0.8,
78,0.6230,47.8,0.0075,24.3,0.8,
79,0.6315,48.6,0.0085,24.3,0.8,
80,0.6400,49.5,0.0085,24.3,0.9,
81,0.6485,50.4,0.0085,24.3,0.9,
82,0.6570,51.2,0.0085,24.4,0.8,
83,0.6655,52.0,0.0085,24.3,0.8,
84,0.6730,52.9,0.0075,24.3,0.9,
85,0.6815,53.7,0.0085,24.3,0.8,
86,0.6900,54.6,0.0085,24.3,0.9,
87,0.6985,55.5,0.0085,24.3,0.9,
88,0.7070,56.4,0.0085,24.3,0.9,
89,0.7155,57.2,0.0085,24.3,0.8,
90,0.7230,58.0,0.0075,24.3,0.8,
91,0.7315,58.8,0.0085,24.3,0.8,
92,0.7400,59.7,0.0085,24.3,0.9,
93,0.7485,60.6,0.0085,24.3,0.9,
94,0.7570,61.5,0.0085,24.3,0.9,
95,0.7655,62.4,0.0085,24.3,0.9,
96,0.7740,63.2,0.0085,24.3,0.8,
97,0.7815,64.0,0.0075,24.3,0.8,
98,0.7900,64.9,0.0085,24.3,0.9,
99,0.7985,65.8,0.0085,24.3,0.9,
100,0.8070,66.7,0.0085,24.3,0.9,
101,0.8155,67.7,0.0085,24.3,1.0,
102,0.8240,68.8,0.0085,24.3,1.1,
103,0.8315,69.5,0.0075,24.3,0.7,
104,0.8400,70.4,0.0085,24.3,0.9,
105,0.8485,71.3,0.0085,24.3,0.9,
106,0.8570,72.5,0.0085,24.3,1.2,
107,0.8655,73.4,0.0085,24.3,0.9,
108,0.8740,74.3,0.0085,24.3,0.9,
109,0.8815,75.0,0.0075,24.3,0.7,
110,0.8900,75.9,0.0085,24.3,0.9,
111,0.8985,76.8,0.0085,24.3,0.9,
112,0.9070,77.6,0.0085,24.3,0.8,
113,0.9155,78.5,0.0085,24.3,0.9,
114,0.9240,79.5,0.0085,24.3,1.0,
115,0.9325,80.5,0.0085,24.3,1.0,
116,0.9400,81.4,0.0075,24.3,0.9,
117,0.9485,82.6,0.0085,24.3,1.2,
118,0.9570,83.6,0.0085,24.3,1.0,
119,0.9655,84.6,0.0085,24.3,1.0,
120,0.9740,85.5,0.0085,24.3,0.9,
121,0.9825,86.7,0.0085,24.3,1.2,
122,0.9900,87.6,0.0075,24.3,0.9,
123,0.9985,88.4,0.0085,24.3,0.8,
124,1.0070,89.5,0.0085,24.3,1.1,
125,1.0155,90.7,0.0085,24.3,1.2,
126,1.0240,92.1,0.0085,24.3,1.4,
127,1.0325,93.3,0.0085,24.3,1.2,
128,1.0410,94.4,0.0085,24.3,1.1,
129,1.0485,95.6,0.0075,24.3,1.2,
130,1.0570,96.8,0.0085,24.3,1.2,
131,1.0655,97.9,0.0085,24.3,1.1,
132,1.0740,99.1,0.0085,24.3,1.2,
133,1.0825,100.3,0.0085,24.3,1.2,
134,1.0910,101.6,0.0085,24.3,1.3,
135,1.0985,102.7,0.0075,24.3,1.1,
136,1.1070,104.1,0.0085,24.3,1.4,
137,1.1155,105.5,0.0085,24.3,1.4,
138,1.1240,106.9,0.0085,24.3,1.4,
139,1.1325,108.6,0.0085,24.3,1.7,
140,1.1410,110.4,0.0085,24.3,1.8,
141,1.1485,111.8,0.0075,24.3,1.4,
142,1.1570,113.1,0.0085,24.3,1.3,
143,1.1655,114.6,0.0085,24.3,1.5,
144,1.1740,116.3,0.0085,24.3,1.7,
145,1.1825,118.2,0.0085,24.3,1.9,
146,1.1910,120.4,0.0085,24.3,2.2,
147,1.1995,122.6,0.0085,24.3,2.2,
148,1.2070,124.7,0.0075,24.3,2.1,
149,1.2155,127.1,0.0085,24.3,2.4,
150,1.2240,129.7,0.0085,24.3,2.6,
151,1.2325,132.4,0.0085,24.3,2.7,
152,1.2410,135.5,0.0085,24.3,3.1,
153,1.2495,138.2,0.0085,24.3,2.7,
154,1.2570,141.2,0.0075,24.3,3.0,
155,1.2655,144.4,0.0085,24.3,3.2,
156,1.2740,147.8,0.0085,24.3,3.4,
157,1.2825,151.5,0.0085,24.3,3.7,
158,1.2910,154.6,0.0085,24.3,3.1,
159,1.2995,158.6,0.0085,24.3,4.0,
160,1.3070,161.6,0.0075,24.3,3.0,
161,1.3155,165.0,0.0085,24.3,3.4,
162,1.3240,168.3,0.0085,24.3,3.3,
163,1.3325,171.5,0.0085,24.3,3.2,
164,1.3410,174.3,0.0085,24.3,2.8,
165,1.3495,177.4,0.0085,24.3,3.1,
166,1.3570,179.8,0.0075,24.3,2.4,
167,1.3655,182.2,0.0085,24.3,2.4,
168,1.3740,184.6,0.0085,24.3,2.4,
169,1.3780,185.1,0.0040,24.3,0.5,
409,1.3780,190.0,0.0000,24.2,4.9,
410,1.3785,190.0,0.0005,24.2,0.0,
411,1.3800,190.0,0.0015,24.2,0.0,
412,1.3830,190.0,0.0030,24.2,0.0,
413,1.3865,190.3,0.0035,24.2,0.3,
414,1.3925,190.8,0.0060,24.2,0.5,
415,1.4005,192.1,0.0080,24.2,1.3,
416,1.4090,193.5,0.0085,24.2,1.4,
417,1.4165,194.8,0.0075,24.2,1.3,
418,1.4250,196.3,0.0085,24.2,1.5,
419,1.4335,197.8,0.0085,24.2,1.5,
420,1.4420,199.4,0.0085,24.2,1.6,
421,1.4505,200.7,0.0085,24.2,1.3,
422,1.4590,201.6,0.0085,24.2,0.9,
423,1.4675,202.8,0.0085,24.2,1.2,
424,1.4750,204.0,0.0075,24.2,1.2,
425,1.4835,205.3,0.0085,24.2,1.3,
426,1.4920,206.1,0.0085,24.2,0.8,
427,1.5005,207.3,0.0085,24.2,1.2,
428,1.5090,208.1,0.0085,24.2,0.8,
429,1.5175,209.1,0.0085,24.2,1.0,
430,1.5250,210.0,0.0075,24.2,0.9,
431,1.5335,210.8,0.0085,24.2,0.8,
432,1.5420,211.6,0.0085,24.2,0.8,
433,1.5505,212.5,0.0085,24.2,0.9,
434,1.5590,213.3,0.0085,24.2,0.8,
435,1.5675,214.0,0.0085,24.2,0.7,
436,1.5760,214.8,0.0085,24.2,0.8,
437,1.5835,215.5,0.0075,24.2,0.7,
438,1.5920,216.2,0.0085,24.2,0.7,
439,1.6005,216.9,0.0085,24.2,0.7,
440,1.6090,217.5,0.0085,24.2,0.6,
441,1.6175,218.2,0.0085,24.2,0.7,
442,1.6260,218.8,0.0085,24.2,0.6,
443,1.6335,219.3,0.0075,24.2,0.5,
444,1.6420,220.0,0.0085,24.2,0.7,
445,1.6505,220.5,0.0085,24.2,0.5,
446,1.6590,221.1,0.0085,24.2,0.6,
447,1.6675,221.8,0.0085,24.2,0.7,
448,1.6760,222.3,0.0085,24.2,0.5,
449,1.6845,222.9,0.0085,24.2,0.6,
450,1.6920,223.4,0.0075,24.2,0.5,
451,1.7005,223.9,0.0085,24.2,0.5,
452,1.7090,224.5,0.0085,24.2,0.6,
453,1.7175,225.0,0.0085,24.2,0.5,
454,1.7260,225.5,0.0085,24.2,0.5,
455,1.7345,225.9,0.0085,24.2,0.4,
456,1.7420,226.4,0.0075,24.2,0.5,
457,1.7505,226.8,0.0085,24.2,0.4,
458,1.7590,227.3,0.0085,24.2,0.5,
459,1.7675,227.8,0.0085,24.2,0.5,
460,1.7760,228.1,0.0085,24.2,0.3,
461,1.7845,228.7,0.0085,24.2,0.6,
462,1.7920,229.0,0.0075,24.2,0.3,
463,1.8005,229.5,0.0085,24.2,0.5,
464,1.8090,229.9,0.0085,24.2,0.4,
465,1.8175,230.3,0.0085,24.2,0.4,
466,1.8260,230.8,0.0085,24.2,0.5,
467,1.8345,231.1,0.0085,24.2,0.3,
468,1.8420,231.5,0.0075,24.2,0.4,
469,1.8505,231.9,0.0085,24.2,0.4,
470,1.8590,232.3,0.0085,24.2,0.4,
471,1.8675,232.6,0.0085,24.2,0.3,
472,1.8760,233.0,0.0085,24.2,0.4,
473,1.8845,233.3,0.0085,24.2,0.3,
474,1.8930,233.7,0.0085,24.2,0.4,
475,1.8985,234.1,0.0055,24.2,0.4,
476,1.9015,234.2,0.0030,24.2,0.1,
477,1.9035,234.3,0.0020,24.2,0.1,
478,1.9065,234.4,0.0030,24.2,0.1,
479,1.9100,234.6,0.0035,24.2,0.2,
480,1.9125,234.7,0.0025,24.2,0.1,
481,1.9145,234.8,0.0020,24.2,0.1,
482,1.9170,234.8,0.0025,24.2,0.0,
483,1.9205,235.0,0.0035,24.2,0.2,
,1.9205,235.0,,,,EP
Titration (EP) [1],,"Scope 1/1, Sample 6/9",,,,
Measured Values,,"Scope 1/1, Sample 6/9",,,,
Time,V,Meas. value,dV,Temp.,dE,EP
[s],[mL],[mV],[mL],[°C],[mV],
0,0.0000,-35.4,,24.2,,
1,0.0010,-35.6,0.0010,24.2,-0.2,
2,0.0025,-35.6,0.0015,24.2,0.0,
3,0.0050,-35.7,0.0025,24.2,-0.1,
4,0.0085,-35.7,0.0035,24.2,0.0,
5,0.0150,-35.5,0.0065,24.2,0.2,
6,0.0230,-35.2,0.0080,24.2,0.3,
7,0.0315,-34.6,0.0085,24.2,0.6,
8,0.0395,-34.0,0.0080,24.2,0.6,
9,0.0480,-33.1,0.0085,24.2,0.9,
10,0.0565,-32.0,0.0085,24.2,1.1,
11,0.0645,-30.8,0.0080,24.2,1.2,
12,0.0730,-29.5,0.0085,24.2,1.3,
13,0.0815,-28.1,0.0085,24.2,1.4,
14,0.0900,-26.6,0.0085,24.2,1.5,
15,0.0980,-24.9,0.0080,24.2,1.7,
16,0.1060,-23.2,0.0080,24.2,1.7,
17,0.1145,-21.4,0.0085,24.2,1.8,
18,0.1230,-19.6,0.0085,24.2,1.8,
19,0.1315,-17.7,0.0085,24.2,1.9,
20,0.1400,-15.7,0.0085,24.2,2.0,
21,0.1480,-13.9,0.0080,24.2,1.8,
22,0.1560,-12.1,0.0080,24.2,1.8,
23,0.1645,-10.3,0.0085,24.2,1.8,
24,0.1730,-8.7,0.0085,24.2,1.6,
25,0.1815,-7.4,0.0085,24.2,1.3,
26,0.1900,-5.6,0.0085,24.2,1.8,
27,0.1980,-3.8,0.0080,24.2,1.8,
28,0.2065,-2.2,0.0085,24.2,1.6,
29,0.2145,-0.6,0.0080,24.2,1.6,
30,0.2230,-0.7,0.0085,24.2,-0.1,
31,0.2315,0.4,0.0085,24.2,1.1,
32,0.2400,2.2,0.0085,24.2,1.8,
33,0.2485,3.2,0.0085,24.2,1.0,
34,0.2560,4.2,0.0075,24.2,1.0,
35,0.2645,5.1,0.0085,24.2,0.9,
36,0.2730,5.8,0.0085,24.2,0.7,
37,0.2815,6.8,0.0085,24.2,1.0,
38,0.2900,8.2,0.0085,24.2,1.4,
39,0.2985,9.6,0.0085,24.2,1.4,
40,0.3065,10.8,0.0080,24.2,1.2,
41,0.3150,11.9,0.0085,24.2,1.1,
42,0.3230,12.9,0.0080,24.2,1.0,
43,0.3315,14.0,0.0085,24.2,1.1,
44,0.3400,14.9,0.0085,24.2,0.9,
45,0.3485,16.0,0.0085,24.2,1.1,
46,0.3565,16.8,0.0080,24.2,0.8,
47,0.3650,17.8,0.0085,24.2,1.0,
48,0.3735,18.7,0.0085,24.2,0.9,
49,0.3815,19.6,0.0080,24.2,0.9,
50,0.3900,20.6,0.0085,24.2,1.0,
51,0.3985,21.5,0.0085,24.2,0.9,
52,0.4070,22.4,0.0085,24.2,0.9,
53,0.4145,23.2,0.0075,24.2,0.8,
54,0.4230,24.1,0.0085,24.2,0.9,
55,0.4315,25.0,0.0085,24.2,0.9,
56,0.4400,25.9,0.0085,24.2,0.9,
57,0.4485,26.8,0.0085,24.2,0.9,
58,0.4570,27.7,0.0085,24.2,0.9,
59,0.4650,28.5,0.0080,24.2,0.8,
60,0.4730,29.6,0.0080,24.2,1.1,
61,0.4815,30.6,0.0085,24.2,1.0,
62,0.4900,31.4,0.0085,24.2,0.8,
63,0.4985,32.3,0.0085,24.2,0.9,
64,0.5070,33.2,0.0085,24.2,0.9,
65,0.5155,34.0,0.0085,24.2,0.8,
66,0.5230,34.9,0.0075,24.2,0.9,
67,0.5315,35.7,0.0085,24.2,0.8,
68,0.5400,36.6,0.0085,24.2,0.9,
69,0.5485,37.5,0.0085,24.2,0.9,
70,0.5570,38.3,0.0085,24.2,0.8,
71,0.5655,39.4,0.0085,24.2,1.1,
72,0.5730,40.1,0.0075,24.2,0.7,
73,0.5815,41.0,0.0085,24.2,0.9,
74,0.5900,41.8,0.0085,24.2,0.8,
75,0.5985,42.8,0.0085,24.2,1.0,
76,0.6070,43.7,0.0085,24.2,0.9,
77,0.6155,44.6,0.0085,24.2,0.9,
78,0.6230,45.4,0.0075,24.2,0.8,
79,0.6315,46.3,0.0085,24.2,0.9,
80,0.6400,47.1,0.0085,24.2,0.8,
81,0.6485,48.0,0.0085,24.2,0.9,
82,0.6570,48.9,0.0085,24.2,0.9,
83,0.6655,49.7,0.0085,24.2,0.8,
84,0.6740,50.6,0.0085,24.2,0.9,
85,0.6820,51.5,0.0080,24.2,0.9,
86,0.6900,52.6,0.0080,24.2,1.1,
87,0.6985,53.4,0.0085,24.2,0.8,
88,0.7070,54.3,0.0085,24.2,0.9,
89,0.7155,55.3,0.0085,24.2,1.0,
90,0.7240,56.3,0.0085,24.2,1.0,
91,0.7320,57.1,0.0080,24.2,0.8,
92,0.7405,58.0,0.0085,24.2,0.9,
93,0.7485,58.8,0.0080,24.2,0.8,
94,0.7570,59.8,0.0085,24.2,1.0,
95,0.7655,60.7,0.0085,24.2,0.9,
96,0.7740,61.6,0.0085,24.2,0.9,
97,0.7820,62.4,0.0080,24.2,0.8,
98,0.7905,63.4,0.0085,24.2,1.0,
99,0.7990,64.2,0.0085,24.2,0.8,
100,0.8075,65.2,0.0085,24.2,1.0,
101,0.8155,66.1,0.0080,24.2,0.9,
102,0.8240,67.0,0.0085,24.2,0.9,
103,0.8320,67.8,0.0080,24.2,0.8,
104,0.8405,69.0,0.0085,24.2,1.2,
105,0.8490,70.0,0.0085,24.2,1.0,
106,0.8575,70.9,0.0085,24.2,0.9,
107,0.8660,71.9,0.0085,24.2,1.0,
108,0.8740,72.8,0.0080,24.2,0.9,
109,0.8820,73.7,0.0080,24.2,0.9,
110,0.8905,74.6,0.0085,24.2,0.9,
111,0.8990,75.6,0.0085,24.2,1.0,
112,0.9075,76.5,0.0085,24.2,0.9,
113,0.9155,77.4,0.0080,24.2,0.9,
114,0.9240,78.3,0.0085,24.2,0.9,
115,0.9325,79.2,0.0085,24.2,0.9,
116,0.9405,80.3,0.0080,24.2,1.1,
117,0.9490,81.3,0.0085,24.2,1.0,
118,0.9575,82.4,0.0085,24.2,1.1,
119,0.9660,83.4,0.0085,24.2,1.0,
120,0.9740,84.5,0.0080,24.2,1.1,
121,0.9825,85.7,0.0085,24.2,1.2,
122,0.9905,86.8,0.0080,24.2,1.1,
123,0.9990,88.1,0.0085,24.2,1.3,
124,1.0075,89.1,0.0085,24.2,1.0,
125,1.0155,90.2,0.0080,24.2,1.1,
126,1.0240,91.2,0.0085,24.2,1.0,
127,1.0325,92.4,0.0085,24.2,1.2,
128,1.0410,93.6,0.0085,24.2,1.2,
129,1.0490,95.0,0.0080,24.2,1.4,
130,1.0575,96.2,0.0085,24.2,1.2,
131,1.0655,97.4,0.0080,24.2,1.2,
132,1.0740,98.7,0.0085,24.2,1.3,
133,1.0825,99.9,0.0085,24.2,1.2,
134,1.0910,101.3,0.0085,24.2,1.4,
135,1.0985,102.6,0.0075,24.2,1.3,
136,1.1070,104.0,0.0085,24.2,1.4,
137,1.1155,105.7,0.0085,24.2,1.7,
138,1.1240,107.1,0.0085,24.2,1.4,
139,1.1325,108.8,0.0085,24.2,1.7,
140,1.1410,110.8,0.0085,24.2,2.0,
141,1.1495,112.3,0.0085,24.2,1.5,
142,1.1570,114.1,0.0075,24.2,1.8,
143,1.1655,116.0,0.0085,24.2,1.9,
144,1.1740,117.8,0.0085,24.2,1.8,
145,1.1825,119.9,0.0085,24.2,2.1,
146,1.1910,122.1,0.0085,24.2,2.2,
147,1.1995,124.4,0.0085,24.2,2.3,
148,1.2070,126.4,0.0075,24.2,2.0,
149,1.2155,128.8,0.0085,24.2,2.4,
150,1.2240,131.5,0.0085,24.2,2.7,
151,1.2325,134.4,0.0085,24.2,2.9,
152,1.2410,137.1,0.0085,24.2,2.7,
153,1.2495,139.8,0.0085,24.2,2.7,
154,1.2570,143.4,0.0075,24.2,3.6,
155,1.2655,147.0,0.0085,24.2,3.6,
156,1.2740,150.5,0.0085,24.2,3.5,
157,1.2825,153.9,0.0085,24.2,3.4,
158,1.2910,157.5,0.0085,24.2,3.6,
159,1.2995,161.1,0.0085,24.2,3.6,
160,1.3080,164.9,0.0085,24.2,3.8,
161,1.3155,167.9,0.0075,24.2,3.0,
162,1.3240,171.3,0.0085,24.2,3.4,
163,1.3325,174.3,0.0085,24.2,3.0,
164,1.3410,176.7,0.0085,24.2,2.4,
165,1.3495,179.5,0.0085,24.2,2.8,
166,1.3580,182.2,0.0085,24.2,2.7,
167,1.3655,184.0,0.0075,24.2,1.8,
168,1.3720,185.1,0.0065,24.2,1.1,
408,1.3720,189.8,0.0000,24.1,4.7,
409,1.3725,189.8,0.0005,24.1,0.0,
410,1.3740,189.8,0.0015,24.1,0.0,
411,1.3765,189.8,0.0025,24.1,0.0,
412,1.3805,190.1,0.0040,24.1,0.3,
413,1.3865,190.8,0.0060,24.1,0.7,
414,1.3945,192.0,0.0080,24.1,1.2,
415,1.4030,193.5,0.0085,24.1,1.5,
416,1.4115,194.8,0.0085,24.1,1.3,
417,1.4190,196.4,0.0075,24.1,1.6,
418,1.4275,197.9,0.0085,24.1,1.5,
419,1.4360,199.2,0.0085,24.1,1.3,
420,1.4445,200.5,0.0085,24.1,1.3,
421,1.4530,201.8,0.0085,24.1,1.3,
422,1.4615,202.9,0.0085,24.1,1.1,
423,1.4690,203.9,0.0075,24.1,1.0,
424,1.4775,205.0,0.0085,24.1,1.1,
425,1.4860,206.0,0.0085,24.1,1.0,
426,1.4945,207.1,0.0085,24.1,1.1,
427,1.5030,208.1,0.0085,24.1,1.0,
428,1.5115,209.0,0.0085,24.1,0.9,
429,1.5190,209.7,0.0075,24.1,0.7,
430,1.5275,210.6,0.0085,24.1,0.9,
431,1.5360,211.6,0.0085,24.1,1.0,
432,1.5445,212.3,0.0085,24.1,0.7,
433,1.5530,213.2,0.0085,24.1,0.9,
434,1.5615,214.0,0.0085,24.1,0.8,
435,1.5690,214.6,0.0075,24.1,0.6,
436,1.5775,215.3,0.0085,24.1,0.7,
437,1.5860,216.0,0.0085,24.1,0.7,
438,1.5945,216.7,0.0085,24.1,0.7,
439,1.6030,217.6,0.0085,24.1,0.9,
440,1.6115,218.1,0.0085,24.1,0.5,
441,1.6200,218.8,0.0085,24.1,0.7,
442,1.6275,219.3,0.0075,24.1,0.5,
443,1.6360,219.9,0.0085,24.1,0.6,
444,1.6445,220.6,0.0085,24.1,0.7,
445,1.6530,221.1,0.0085,24.1,0.5,
446,1.6615,221.8,0.0085,24.1,0.7,
447,1.6700,222.3,0.0085,24.1,0.5,
448,1.6775,222.7,0.0075,24.1,0.4,
449,1.6860,223.4,0.0085,24.1,0.7,
450,1.6945,223.9,0.0085,24.1,0.5,
451,1.7030,224.4,0.0085,24.1,0.5,
452,1.7115,224.8,0.0085,24.1,0.4,
453,1.7200,225.4,0.0085,24.1,0.6,
454,1.7285,225.7,0.0085,24.1,0.3,
455,1.7360,226.3,0.0075,24.1,0.6,
456,1.7445,226.8,0.0085,24.1,0.5,
457,1.7530,227.2,0.0085,24.1,0.4,
458,1.7615,227.7,0.0085,24.1,0.5,
459,1.7700,228.1,0.0085,24.1,0.4,
460,1.7785,228.6,0.0085,24.1,0.5,
461,1.7860,229.0,0.0075,24.1,0.4,
462,1.7945,229.4,0.0085,24.1,0.4,
463,1.8030,229.8,0.0085,24.1,0.4,
464,1.8115,230.3,0.0085,24.1,0.5,
465,1.8200,230.6,0.0085,24.1,0.3,
466,1.8285,231.1,0.0085,24.1,0.5,
467,1.8360,231.4,0.0075,24.1,0.3,
468,1.8445,231.8,0.0085,24.1,0.4,
469,1.8530,232.1,0.0085,24.1,0.3,
470,1.8615,232.5,0.0085,24.1,0.4,
471,1.8700,233.0,0.0085,24.1,0.5,
472,1.8785,233.2,0.0085,24.1,0.2,
473,1.8860,233.6,0.0075,24.1,0.4,
474,1.8920,233.9,0.0060,24.1,0.3,
475,1.8965,234.1,0.0045,24.1,0.2,
476,1.9020,234.4,0.0055,24.1,0.3,
477,1.9045,234.5,0.0025,24.1,0.1,
478,1.9050,234.6,0.0005,24.1,0.1,
479,1.9060,234.6,0.0010,24.1,0.0,
480,1.9070,234.6,0.0010,24.1,0.0,
481,1.9095,234.8,0.0025,24.1,0.2,
482,1.9125,234.8,0.0030,24.1,0.0,
483,1.9165,235.0,0.0040,24.1,0.2,
,1.9165,235.0,,,,EP
Titration (EP) [1],,"Scope 1/1, Sample 7/9",,,,
Measured Values,,"Scope 1/1, Sample 7/9",,,,
Time,V,Meas. value,dV,Temp.,dE,EP
[s],[mL],[mV],[mL],[°C],[mV],
0,0.0000,-37.3,,24.2,,
1,0.0010,-37.4,0.0010,24.2,-0.1,
2,0.0025,-37.4,0.0015,24.2,0.0,
3,0.0050,-37.5,0.0025,24.2,-0.1,
4,0.0085,-37.4,0.0035,24.2,0.1,
5,0.0145,-37.3,0.0060,24.2,0.1,
6,0.0225,-37.1,0.0080,24.2,0.2,
7,0.0310,-36.5,0.0085,24.2,0.6,
8,0.0385,-35.8,0.0075,24.2,0.7,
9,0.0470,-35.0,0.0085,24.2,0.8,
10,0.0555,-33.9,0.0085,24.2,1.1,
11,0.0640,-32.8,0.0085,24.2,1.1,
12,0.0725,-31.5,0.0085,24.2,1.3,
13,0.0810,-30.0,0.0085,24.2,1.5,
14,0.0895,-28.7,0.0085,24.2,1.3,
15,0.0970,-27.0,0.0075,24.2,1.7,
16,0.1055,-25.4,0.0085,24.2,1.6,
17,0.1140,-23.5,0.0085,24.2,1.9,
18,0.1225,-21.7,0.0085,24.2,1.8,
19,0.1310,-19.8,0.0085,24.2,1.9,
20,0.1395,-17.8,0.0085,24.2,2.0,
21,0.1470,-16.2,0.0075,24.2,1.6,
22,0.1555,-14.3,0.0085,24.2,1.9,
23,0.1640,-12.5,0.0085,24.2,1.8,
24,0.1725,-10.8,0.0085,24.2,1.7,
25,0.1810,-9.1,0.0085,24.2,1.7,
26,0.1895,-7.8,0.0085,24.2,1.3,
27,0.1970,-6.4,0.0075,24.2,1.4,
28,0.2055,-4.3,0.0085,24.2,2.1,
29,0.2140,-2.6,0.0085,24.2,1.7,
30,0.2225,-1.2,0.0085,24.2,1.4,
31,0.2310,-0.8,0.0085,24.2,0.4,
32,0.2395,0.0,0.0085,24.2,0.8,
33,0.2480,2.0,0.0085,24.2,2.0,
34,0.2555,3.0,0.0075,24.2,1.0,
35,0.2640,3.9,0.0085,24.2,0.9,
36,0.2725,4.9,0.0085,24.2,1.0,
37,0.2810,5.7,0.0085,24.2,0.8,
38,0.2895,6.6,0.0085,24.2,0.9,
39,0.2980,7.9,0.0085,24.2,1.3,
40,0.3055,9.1,0.0075,24.2,1.2,
41,0.3140,10.4,0.0085,24.2,1.3,
42,0.3225,11.5,0.0085,24.2,1.1,
43,0.3310,12.6,0.0085,24.2,1.1,
44,0.3395,13.7,0.0085,24.2,1.1,
45,0.3480,14.7,0.0085,24.2,1.0,
46,0.3555,15.5,0.0075,24.2,0.8,
47,0.3640,16.5,0.0085,24.2,1.0,
48,0.3725,17.4,0.0085,24.2,0.9,
49,0.3810,18.3,0.0085,24.2,0.9,
50,0.3895,19.2,0.0085,24.2,0.9,
51,0.3980,20.1,0.0085,24.2,0.9,
52,0.4065,21.0,0.0085,24.2,0.9,
53,0.4140,21.8,0.0075,24.2,0.8,
54,0.4225,22.7,0.0085,24.2,0.9,
55,0.4310,23.6,0.0085,24.2,0.9,
56,0.4395,24.5,0.0085,24.2,0.9,
57,0.4480,25.5,0.0085,24.2,1.0,
58,0.4565,26.4,0.0085,24.2,0.9,
59,0.4640,27.1,0.0075,24.2,0.7,
60,0.4725,28.0,0.0085,24.2,0.9,
61,0.4810,28.9,0.0085,24.2,0.9,
62,0.4895,29.8,0.0085,24.2,0.9,
63,0.4980,30.6,0.0085,24.2,0.8,
64,0.5065,31.5,0.0085,24.2,0.9,
65,0.5150,32.4,0.0085,24.2,0.9,
66,0.5225,33.3,0.0075,24.2,0.9,
67,0.5310,34.1,0.0085,24.2,0.8,
68,0.5395,35.1,0.0085,24.2,1.0,
69,0.5480,36.0,0.0085,24.2,0.9,
70,0.5565,36.9,0.0085,24.2,0.9,
71,0.5650,37.7,0.0085,24.2,0.8,
72,0.5725,38.6,0.0075,24.2,0.9,
73,0.5810,39.4,0.0085,24.2,0.8,
74,0.5895,40.3,0.0085,24.2,0.9,
75,0.5980,41.3,0.0085,24.2,1.0,
76,0.6065,42.2,0.0085,24.2,0.9,
77,0.6150,43.1,0.0085,24.2,0.9,
78,0.6225,43.9,0.0075,24.2,0.8,
79,0.6310,44.8,0.0085,24.2,0.9,
80,0.6395,45.8,0.0085,24.2,1.0,
81,0.6480,46.6,0.0085,24.2,0.8,
82,0.6565,47.5,0.0085,24.2,0.9,
83,0.6650,48.4,0.0085,24.2,0.9,
84,0.6735,49.3,0.0085,24.2,0.9,
85,0.6810,50.2,0.0075,24.2,0.9,
86,0.6895,51.2,0.0085,24.2,1.0,
87,0.6980,52.1,0.0085,24.2,0.9,
88,0.7065,53.0,0.0085,24.2,0.9,
89,0.7150,54.0,0.0085,24.2,1.0,
90,0.7235,54.9,0.0085,24.2,0.9,
91,0.7310,55.7,0.0075,24.2,0.8,
92,0.7395,56.7,0.0085,24.2,1.0,
93,0.7480,57.7,0.0085,24.2,1.0,
94,0.7565,58.6,0.0085,24.2,0.9,
95,0.7650,59.5,0.0085,24.2,0.9,
96,0.7735,60.5,0.0085,24.2,1.0,
97,0.7820,61.3,0.0085,24.2,0.8,
98,0.7895,62.2,0.0075,24.2,0.9,
99,0.7980,63.1,0.0085,24.2,0.9,
100,0.8065,64.0,0.0085,24.2,0.9,
101,0.8150,65.2,0.0085,24.2,1.2,
102,0.8235,66.2,0.0085,24.2,1.0,
103,0.8320,67.1,0.0085,24.2,0.9,
104,0.8395,68.0,0.0075,24.2,0.9,
105,0.8480,68.9,0.0085,24.2,0.9,
106,0.8565,69.8,0.0085,24.2,0.9,
107,0.8650,70.9,0.0085,24.2,1.1,
108,0.8735,71.9,0.0085,24.2,1.0,
109,0.8820,72.9,0.0085,24.2,1.0,
110,0.8895,73.8,0.0075,24.2,0.9,
111,0.8980,74.8,0.0085,24.2,1.0,
112,0.9065,75.8,0.0085,24.2,1.0,
113,0.9150,76.8,0.0085,24.2,1.0,
114,0.9235,77.8,0.0085,24.2,1.0,
115,0.9320,78.9,0.0085,24.2,1.1,
116,0.9405,80.1,0.0085,24.2,1.2,
117,0.9480,81.0,0.0075,24.2,0.9,
118,0.9565,82.0,0.0085,24.2,1.0,
119,0.9650,82.9,0.0085,24.2,0.9,
120,0.9735,84.2,0.0085,24.2,1.3,
121,0.9820,85.3,0.0085,24.2,1.1,
122,0.9905,86.5,0.0085,24.2,1.2,
123,0.9990,87.6,0.0085,24.2,1.1,
124,1.0065,88.8,0.0075,24.2,1.2,
125,1.0150,90.0,0.0085,24.2,1.2,
126,1.0235,91.3,0.0085,24.2,1.3,
127,1.0320,92.5,0.0085,24.2,1.2,
128,1.0405,94.0,0.0085,24.2,1.5,
129,1.0490,95.4,0.0085,24.2,1.4,
130,1.0565,96.5,0.0075,24.2,1.1,
131,1.0650,97.8,0.0085,24.2,1.3,
132,1.0735,99.1,0.0085,24.2,1.3,
133,1.0820,100.7,0.0085,24.2,1.6,
134,1.0905,102.1,0.0085,24.2,1.4,
135,1.0990,103.5,0.0085,24.2,1.4,
136,1.1065,105.0,0.0075,24.2,1.5,
137,1.1150,106.5,0.0085,24.2,1.5,
138,1.1235,108.2,0.0085,24.2,1.7,
139,1.1320,109.9,0.0085,24.2,1.7,
140,1.1405,111.9,0.0085,24.2,2.0,
141,1.1490,113.6,0.0085,24.2,1.7,
142,1.1565,115.3,0.0075,24.2,1.7,
143,1.1650,117.4,0.0085,24.2,2.1,
144,1.1735,119.5,0.0085,24.2,2.1,
145,1.1820,121.8,0.0085,24.2,2.3,
146,1.1905,124.0,0.0085,24.2,2.2,
147,1.1990,126.6,0.0085,24.2,2.6,
148,1.2065,128.8,0.0075,24.2,2.2,
149,1.2150,131.6,0.0085,24.2,2.8,
150,1.2235,134.1,0.0085,24.2,2.5,
151,1.2320,137.1,0.0085,24.2,3.0,
152,1.2405,140.3,0.0085,24.2,3.2,
153,1.2490,143.8,0.0085,24.2,3.5,
154,1.2575,146.7,0.0085,24.2,2.9,
155,1.2650,150.7,0.0075,24.2,4.0,
156,1.2735,154.9,0.0085,24.2,4.2,
157,1.2820,158.6,0.0085,24.2,3.7,
158,1.2905,162.3,0.0085,24.2,3.7,
159,1.2990,166.0,0.0085,24.2,3.7,
160,1.3075,169.6,0.0085,24.2,3.6,
161,1.3150,172.3,0.0075,24.2,2.7,
162,1.3235,175.4,0.0085,24.2,3.1,
163,1.3320,178.4,0.0085,24.2,3.0,
164,1.3405,180.9,0.0085,24.2,2.5,
165,1.3490,183.1,0.0085,24.2,2.2,
166,1.3585,185.2,0.0095,24.2,2.1,
406,1.3585,190.5,0.0000,24.1,5.3,
407,1.3590,190.5,0.0005,24.1,0.0,
408,1.3605,190.5,0.0015,24.1,0.0,
409,1.3630,190.5,0.0025,24.1,0.0,
410,1.3670,190.7,0.0040,24.1,0.2,
411,1.3730,191.5,0.0060,24.1,0.8,
412,1.3815,192.5,0.0085,24.1,1.0,
413,1.3900,194.2,0.0085,24.1,1.7,
414,1.3985,195.5,0.0085,24.1,1.3,
415,1.4060,197.0,0.0075,24.1,1.5,
416,1.4145,198.6,0.0085,24.1,1.6,
417,1.4230,200.1,0.0085,24.1,1.5,
418,1.4315,201.3,0.0085,24.1,1.2,
419,1.4400,202.4,0.0085,24.1,1.1,
420,1.4485,203.5,0.0085,24.1,1.1,
421,1.4560,204.7,0.0075,24.1,1.2,
422,1.4645,205.8,0.0085,24.1,1.1,
423,1.4730,206.9,0.0085,24.1,1.1,
424,1.4815,207.8,0.0085,24.1,0.9,
425,1.4900,208.7,0.0085,24.1,0.9,
426,1.4985,209.7,0.0085,24.1,1.0,
427,1.5060,210.4,0.0075,24.1,0.7,
428,1.5145,211.4,0.0085,24.1,1.0,
430,1.5230,212.2,0.0085,24.1,0.8,
430,1.5315,213.0,0.0085,24.1,0.8,
431,1.5400,213.7,0.0085,24.1,0.7,
432,1.5485,214.6,0.0085,24.1,0.9,
433,1.5570,215.2,0.0085,24.1,0.6,
434,1.5645,216.0,0.0075,24.1,0.8,
435,1.5730,216.8,0.0085,24.1,0.8,
436,1.5815,217.4,0.0085,24.1,0.6,
437,1.5900,218.1,0.0085,24.1,0.7,
438,1.5985,218.7,0.0085,24.1,0.6,
439,1.6070,219.5,0.0085,24.1,0.8,
440,1.6145,220.0,0.0075,24.1,0.5,
441,1.6230,220.6,0.0085,24.1,0.6,
442,1.6315,221.3,0.0085,24.1,0.7,
443,1.6400,221.7,0.0085,24.1,0.4,
444,1.6485,222.4,0.0085,24.1,0.7,
445,1.6570,222.9,0.0085,24.1,0.5,
446,1.6645,223.4,0.0075,24.1,0.5,
447,1.6730,223.9,0.0085,24.1,0.5,
448,1.6815,224.5,0.0085,24.1,0.6,
449,1.6900,225.0,0.0085,24.1,0.5,
450,1.6985,225.4,0.0085,24.1,0.4,
451,1.7070,226.0,0.0085,24.1,0.6,
452,1.7155,226.4,0.0085,24.1,0.4,
453,1.7230,227.0,0.0075,24.1,0.6,
454,1.7315,227.3,0.0085,24.1,0.3,
455,1.7400,227.9,0.0085,24.1,0.6,
456,1.7485,228.3,0.0085,24.1,0.4,
457,1.7570,228.8,0.0085,24.1,0.5,
458,1.7655,229.2,0.0085,24.1,0.4,
459,1.7730,229.6,0.0075,24.1,0.4,
460,1.7815,230.0,0.0085,24.1,0.4,
461,1.7900,230.4,0.0085,24.1,0.4,
462,1.7985,230.8,0.0085,24.1,0.4,
463,1.8070,231.3,0.0085,24.1,0.5,
464,1.8155,231.7,0.0085,24.1,0.4,
465,1.8240,232.0,0.0085,24.1,0.3,
466,1.8315,232.3,0.0075,24.1,0.3,
467,1.8400,232.7,0.0085,24.1,0.4,
468,1.8485,233.1,0.0085,24.1,0.4,
469,1.8570,233.5,0.0085,24.1,0.4,
470,1.8635,233.8,0.0065,24.1,0.3,
471,1.8690,234.0,0.0055,24.1,0.2,
472,1.8730,234.2,0.0040,24.1,0.2,
473,1.8780,234.5,0.0050,24.1,0.3,
474,1.8795,234.6,0.0015,24.1,0.1,
475,1.8800,234.6,0.0005,24.1,0.0,
476,1.8810,234.7,0.0010,24.1,0.1,
477,1.8830,234.7,0.0020,24.1,0.0,
478,1.8855,234.8,0.0025,24.1,0.1,
479,1.8875,234.9,0.0020,24.1,0.1,
480,1.8895,235.0,0.0020,24.1,0.1,
,1.8895,235.0,,,,EP
Titration (EP) [1],,"Scope 1/1, Sample 8/9",,,,
Measured Values,,"Scope 1/1, Sample 8/9",,,,
Time,V,Meas. value,dV,Temp.,dE,EP
[s],[mL],[mV],[mL],[°C],[mV],
0,0.0000,-24.4,,24.1,,
1,0.0010,-24.5,0.0010,24.1,-0.1,
2,0.0025,-24.6,0.0015,24.1,-0.1,
3,0.0050,-24.6,0.0025,24.1,0.0,
4,0.0085,-24.6,0.0035,24.1,0.0,
5,0.0150,-24.5,0.0065,24.1,0.1,
6,0.0230,-24.3,0.0080,24.1,0.2,
7,0.0315,-23.7,0.0085,24.1,0.6,
8,0.0390,-23.0,0.0075,24.1,0.7,
9,0.0475,-22.0,0.0085,24.1,1.0,
10,0.0560,-20.9,0.0085,24.1,1.1,
11,0.0645,-19.6,0.0085,24.1,1.3,
12,0.0730,-18.2,0.0085,24.1,1.4,
13,0.0815,-16.7,0.0085,24.1,1.5,
14,0.0890,-15.2,0.0075,24.1,1.5,
15,0.0975,-13.5,0.0085,24.1,1.7,
16,0.1060,-11.9,0.0085,24.1,1.6,
17,0.1145,-10.3,0.0085,24.1,1.6,
18,0.1230,-8.8,0.0085,24.1,1.5,
19,0.1315,-7.5,0.0085,24.1,1.3,
20,0.1400,-6.1,0.0085,24.1,1.4,
21,0.1475,-4.1,0.0075,24.1,2.0,
22,0.1560,-2.4,0.0085,24.1,1.7,
23,0.1645,-1.0,0.0085,24.1,1.4,
24,0.1730,-0.8,0.0085,24.1,0.2,
25,0.1815,0.1,0.0085,24.1,0.9,
26,0.1900,1.8,0.0085,24.1,1.7,
27,0.1975,3.0,0.0075,24.1,1.2,
28,0.2060,3.9,0.0085,24.1,0.9,
29,0.2145,4.8,0.0085,24.1,0.9,
30,0.2230,5.6,0.0085,24.1,0.8,
31,0.2315,6.5,0.0085,24.1,0.9,
32,0.2400,7.8,0.0085,24.1,1.3,
33,0.2485,9.0,0.0085,24.1,1.2,
34,0.2560,10.2,0.0075,24.1,1.2,
35,0.2645,11.3,0.0085,24.1,1.1,
36,0.2730,12.4,0.0085,24.1,1.1,
37,0.2815,13.4,0.0085,24.1,1.0,
38,0.2900,14.3,0.0085,24.1,0.9,
39,0.2985,15.3,0.0085,24.1,1.0,
40,0.3060,16.0,0.0075,24.1,0.7,
41,0.3145,16.9,0.0085,24.1,0.9,
42,0.3230,17.8,0.0085,24.1,0.9,
43,0.3315,18.7,0.0085,24.1,0.9,
44,0.3400,19.5,0.0085,24.1,0.8,
45,0.3485,20.5,0.0085,24.1,1.0,
46,0.3560,21.3,0.0075,24.1,0.8,
47,0.3645,22.1,0.0085,24.1,0.8,
48,0.3730,23.1,0.0085,24.1,1.0,
49,0.3815,24.0,0.0085,24.1,0.9,
50,0.3900,24.8,0.0085,24.1,0.8,
51,0.3985,25.7,0.0085,24.1,0.9,
52,0.4070,26.4,0.0085,24.1,0.7,
53,0.4145,27.3,0.0075,24.1,0.9,
54,0.4230,28.1,0.0085,24.1,0.8,
55,0.4315,28.9,0.0085,24.1,0.8,
56,0.4400,29.8,0.0085,24.1,0.9,
57,0.4485,30.6,0.0085,24.1,0.8,
58,0.4570,31.4,0.0085,24.1,0.8,
59,0.4645,32.1,0.0075,24.1,0.7,
60,0.4730,32.9,0.0085,24.1,0.8,
61,0.4815,33.6,0.0085,24.1,0.7,
62,0.4900,34.5,0.0085,24.1,0.9,
63,0.4985,35.3,0.0085,24.1,0.8,
64,0.5070,36.1,0.0085,24.1,0.8,
65,0.5145,36.9,0.0075,24.1,0.8,
66,0.5230,37.7,0.0085,24.1,0.8,
67,0.5315,38.6,0.0085,24.1,0.9,
68,0.5400,39.4,0.0085,24.1,0.8,
69,0.5485,40.3,0.0085,24.1,0.9,
70,0.5570,41.2,0.0085,24.1,0.9,
71,0.5655,42.0,0.0085,24.1,0.8,
72,0.5730,42.7,0.0075,24.1,0.7,
73,0.5815,43.5,0.0085,24.1,0.8,
74,0.5900,44.4,0.0085,24.1,0.9,
75,0.5985,45.2,0.0085,24.1,0.8,
76,0.6070,46.1,0.0085,24.1,0.9,
77,0.6155,46.9,0.0085,24.1,0.8,
78,0.6230,47.6,0.0075,24.1,0.7,
79,0.6315,48.4,0.0085,24.1,0.8,
80,0.6400,49.3,0.0085,24.1,0.9,
81,0.6485,50.1,0.0085,24.1,0.8,
82,0.6570,51.0,0.0085,24.1,0.9,
83,0.6655,52.0,0.0085,24.1,1.0,
84,0.6730,52.9,0.0075,24.1,0.9,
85,0.6815,53.8,0.0085,24.1,0.9,
86,0.6900,54.6,0.0085,24.1,0.8,
87,0.6985,55.4,0.0085,24.1,0.8,
88,0.7070,56.3,0.0085,24.1,0.9,
89,0.7155,57.1,0.0085,24.1,0.8,
90,0.7240,57.8,0.0085,24.1,0.7,
91,0.7315,58.7,0.0075,24.1,0.9,
92,0.7400,59.5,0.0085,24.1,0.8,
93,0.7485,60.3,0.0085,24.1,0.8,
94,0.7570,61.2,0.0085,24.1,0.9,
95,0.7655,62.1,0.0085,24.1,0.9,
96,0.7740,62.9,0.0085,24.1,0.8,
97,0.7815,63.6,0.0075,24.1,0.7,
98,0.7900,64.5,0.0085,24.1,0.9,
99,0.7985,65.4,0.0085,24.1,0.9,
100,0.8070,66.3,0.0085,24.1,0.9,
101,0.8155,67.2,0.0085,24.1,0.9,
102,0.8240,68.0,0.0085,24.1,0.8,
103,0.8315,68.8,0.0075,24.1,0.8,
104,0.8400,69.6,0.0085,24.1,0.8,
105,0.8485,70.6,0.0085,24.1,1.0,
106,0.8570,71.6,0.0085,24.1,1.0,
107,0.8655,72.5,0.0085,24.1,0.9,
108,0.8740,73.4,0.0085,24.1,0.9,
109,0.8825,74.4,0.0085,24.1,1.0,
110,0.8900,75.4,0.0075,24.1,1.0,
111,0.8985,76.2,0.0085,24.1,0.8,
112,0.9070,77.2,0.0085,24.1,1.0,
113,0.9155,78.2,0.0085,24.1,1.0,
114,0.9240,79.4,0.0085,24.1,1.2,
115,0.9325,80.3,0.0085,24.1,0.9,
116,0.9400,81.1,0.0075,24.1,0.8,
117,0.9485,82.1,0.0085,24.1,1.0,
118,0.9570,83.2,0.0085,24.1,1.1,
119,0.9655,84.3,0.0085,24.1,1.1,
120,0.9740,85.4,0.0085,24.1,1.1,
121,0.9825,86.4,0.0085,24.1,1.0,
122,0.9910,87.3,0.0085,24.1,0.9,
123,0.9985,88.4,0.0075,24.1,1.1,
124,1.0070,89.5,0.0085,24.1,1.1,
125,1.0155,90.6,0.0085,24.1,1.1,
126,1.0240,91.6,0.0085,24.1,1.0,
127,1.0325,92.6,0.0085,24.1,1.0,
128,1.0410,93.7,0.0085,24.1,1.1,
129,1.0485,94.8,0.0075,24.1,1.1,
130,1.0570,96.0,0.0085,24.1,1.2,
131,1.0655,97.5,0.0085,24.1,1.5,
132,1.0740,98.7,0.0085,24.1,1.2,
133,1.0825,100.0,0.0085,24.1,1.3,
134,1.0910,101.6,0.0085,24.1,1.6,
135,1.0985,102.8,0.0075,24.1,1.2,
136,1.1070,104.3,0.0085,24.1,1.5,
137,1.1155,105.7,0.0085,24.1,1.4,
138,1.1240,107.2,0.0085,24.1,1.5,
139,1.1325,108.7,0.0085,24.1,1.5,
140,1.1410,110.2,0.0085,24.1,1.5,
141,1.1485,111.5,0.0075,24.1,1.3,
142,1.1570,113.3,0.0085,24.1,1.8,
143,1.1655,115.1,0.0085,24.1,1.8,
144,1.1740,116.9,0.0085,24.1,1.8,
145,1.1825,118.6,0.0085,24.1,1.7,
146,1.1910,120.8,0.0085,24.1,2.2,
147,1.1995,122.7,0.0085,24.1,1.9,
148,1.2070,125.0,0.0075,24.1,2.3,
149,1.2155,127.4,0.0085,24.1,2.4,
150,1.2240,129.7,0.0085,24.1,2.3,
151,1.2325,132.7,0.0085,24.1,3.0,
152,1.2410,135.6,0.0085,24.1,2.9,
153,1.2495,138.6,0.0085,24.1,3.0,
154,1.2570,141.8,0.0075,24.1,3.2,
155,1.2655,145.2,0.0085,24.1,3.4,
156,1.2740,148.7,0.0085,24.1,3.5,
157,1.2825,152.1,0.0085,24.1,3.4,
158,1.2910,155.7,0.0085,24.1,3.6,
159,1.2995,159.5,0.0085,24.1,3.8,
160,1.3070,162.7,0.0075,24.1,3.2,
161,1.3155,166.1,0.0085,24.1,3.4,
162,1.3240,169.0,0.0085,24.1,2.9,
163,1.3325,172.1,0.0085,24.1,3.1,
164,1.3410,175.4,0.0085,24.1,3.3,
165,1.3495,178.2,0.0085,24.1,2.8,
166,1.3580,180.5,0.0085,24.1,2.3,
167,1.3655,183.1,0.0075,24.1,2.6,
168,1.3750,185.1,0.0095,24.1,2.0,
408,1.3750,190.0,0.0000,24.0,4.9,
409,1.3755,190.0,0.0005,24.0,0.0,
410,1.3770,190.0,0.0015,24.0,0.0,
411,1.3795,190.0,0.0025,24.0,0.0,
412,1.3835,190.2,0.0040,24.0,0.2,
413,1.3895,191.0,0.0060,24.0,0.8,
414,1.3980,192.4,0.0085,24.0,1.4,
415,1.4065,193.9,0.0085,24.0,1.5,
416,1.4150,195.4,0.0085,24.0,1.5,
417,1.4230,196.7,0.0080,24.0,1.3,
418,1.4315,198.0,0.0085,24.0,1.3,
419,1.4395,199.5,0.0080,24.0,1.5,
420,1.4480,200.9,0.0085,24.0,1.4,
421,1.4565,202.1,0.0085,24.0,1.2,
422,1.4650,203.4,0.0085,24.0,1.3,
423,1.4730,204.3,0.0080,24.0,0.9,
424,1.4810,205.3,0.0080,24.0,1.0,
425,1.4895,206.3,0.0085,24.0,1.0,
426,1.4980,207.3,0.0085,24.0,1.0,
427,1.5065,208.2,0.0085,24.0,0.9,
428,1.5150,209.2,0.0085,24.0,1.0,
429,1.5235,210.1,0.0085,24.0,0.9,
430,1.5310,210.9,0.0075,24.0,0.8,
431,1.5395,211.7,0.0085,24.0,0.8,
432,1.5480,212.7,0.0085,24.0,1.0,
433,1.5565,213.3,0.0085,24.0,0.6,
434,1.5650,214.1,0.0085,24.0,0.8,
435,1.5735,214.9,0.0085,24.0,0.8,
436,1.5810,215.5,0.0075,24.0,0.6,
437,1.5895,216.3,0.0085,24.0,0.8,
438,1.5980,217.1,0.0085,24.0,0.8,
439,1.6065,217.6,0.0085,24.0,0.5,
440,1.6150,218.2,0.0085,24.0,0.6,
441,1.6235,218.9,0.0085,24.0,0.7,
442,1.6310,219.5,0.0075,24.0,0.6,
443,1.6395,220.1,0.0085,24.0,0.6,
444,1.6480,220.8,0.0085,24.0,0.7,
445,1.6565,221.2,0.0085,24.0,0.4,
446,1.6650,221.8,0.0085,24.0,0.6,
447,1.6735,222.4,0.0085,24.0,0.6,
448,1.6820,222.9,0.0085,24.0,0.5,
449,1.6895,223.4,0.0075,24.0,0.5,
450,1.6980,224.0,0.0085,24.0,0.6,
451,1.7065,224.5,0.0085,24.0,0.5,
452,1.7150,225.0,0.0085,24.0,0.5,
453,1.7235,225.6,0.0085,24.0,0.6,
454,1.7320,226.0,0.0085,24.0,0.4,
455,1.7395,226.5,0.0075,24.0,0.5,
456,1.7480,226.9,0.0085,24.0,0.4,
457,1.7565,227.4,0.0085,24.0,0.5,
458,1.7650,227.8,0.0085,24.0,0.4,
459,1.7735,228.3,0.0085,24.0,0.5,
460,1.7820,228.7,0.0085,24.0,0.4,
461,1.7905,229.1,0.0085,24.0,0.4,
462,1.7980,229.5,0.0075,24.0,0.4,
463,1.8065,229.9,0.0085,24.0,0.4,
464,1.8150,230.3,0.0085,24.0,0.4,
465,1.8235,230.8,0.0085,24.0,0.5,
466,1.8320,231.2,0.0085,24.0,0.4,
467,1.8405,231.5,0.0085,24.0,0.3,
468,1.8480,231.9,0.0075,24.0,0.4,
469,1.8565,232.3,0.0085,24.0,0.4,
470,1.8650,232.6,0.0085,24.0,0.3,
471,1.8735,233.0,0.0085,24.0,0.4,
472,1.8820,233.4,0.0085,24.0,0.4,
473,1.8905,233.7,0.0085,24.0,0.3,
474,1.8975,234.0,0.0070,24.0,0.3,
475,1.9005,234.3,0.0030,24.0,0.3,
476,1.9010,234.4,0.0005,24.0,0.1,
477,1.9025,234.4,0.0015,24.0,0.0,
478,1.9045,234.5,0.0020,24.0,0.1,
479,1.9080,234.5,0.0035,24.0,0.0,
480,1.9120,234.7,0.0040,24.0,0.2,
481,1.9145,234.8,0.0025,24.0,0.1,
482,1.9155,234.9,0.0010,24.0,0.1,
484,1.9165,235.0,0.0010,24.0,0.1,
,1.9165,235.0,,,,EP
Titration (EP) [1],,"Scope 1/1, Sample 9/9",,,,
Measured Values,,"Scope 1/1, Sample 9/9",,,,
Time,V,Meas. value,dV,Temp.,dE,EP
[s],[mL],[mV],[mL],[°C],[mV],
0,0.0000,-47.2,,24.0,,
1,0.0010,-47.4,0.0010,24.0,-0.2,
2,0.0025,-47.5,0.0015,24.0,-0.1,
3,0.0050,-47.5,0.0025,24.0,0.0,
4,0.0085,-47.5,0.0035,24.0,0.0,
5,0.0150,-47.4,0.0065,24.0,0.1,
6,0.0230,-47.1,0.0080,24.0,0.3,
7,0.0315,-46.6,0.0085,24.0,0.5,
8,0.0395,-46.0,0.0080,24.0,0.6,
9,0.0480,-45.3,0.0085,24.0,0.7,
10,0.0565,-44.4,0.0085,24.0,0.9,
11,0.0645,-43.3,0.0080,24.0,1.1,
12,0.0730,-42.2,0.0085,24.0,1.1,
13,0.0815,-41.0,0.0085,24.0,1.2,
14,0.0895,-39.9,0.0080,24.0,1.1,
15,0.0980,-38.5,0.0085,24.0,1.4,
16,0.1065,-36.9,0.0085,24.0,1.6,
17,0.1150,-35.4,0.0085,24.0,1.5,
18,0.1230,-33.8,0.0080,24.0,1.6,
19,0.1315,-32.0,0.0085,24.0,1.8,
20,0.1395,-30.4,0.0080,24.0,1.6,
21,0.1480,-28.5,0.0085,24.0,1.9,
22,0.1565,-26.5,0.0085,24.0,2.0,
23,0.1650,-24.4,0.0085,24.0,2.1,
24,0.1735,-22.5,0.0085,24.0,1.9,
25,0.1820,-20.4,0.0085,24.0,2.1,
26,0.1900,-18.5,0.0080,24.0,1.9,
27,0.1980,-16.4,0.0080,24.0,2.1,
28,0.2065,-14.4,0.0085,24.0,2.0,
29,0.2150,-12.6,0.0085,24.0,1.8,
30,0.2235,-10.8,0.0085,24.0,1.8,
31,0.2320,-9.2,0.0085,24.0,1.6,
32,0.2400,-7.8,0.0080,24.0,1.4,
33,0.2480,-6.6,0.0080,24.0,1.2,
34,0.2565,-4.5,0.0085,24.0,2.1,
35,0.2650,-2.8,0.0085,24.0,1.7,
36,0.2735,-1.3,0.0085,24.0,1.5,
37,0.2820,-0.7,0.0085,24.0,0.6,
38,0.2905,-0.2,0.0085,24.0,0.5,
39,0.2980,1.6,0.0075,24.0,1.8,
40,0.3065,2.7,0.0085,24.0,1.1,
41,0.3150,3.6,0.0085,24.0,0.9,
42,0.3235,4.6,0.0085,24.0,1.0,
43,0.3320,5.5,0.0085,24.0,0.9,
44,0.3405,6.3,0.0085,24.0,0.8,
45,0.3480,7.5,0.0075,24.0,1.2,
46,0.3565,8.9,0.0085,24.0,1.4,
47,0.3650,10.2,0.0085,24.0,1.3,
48,0.3735,11.4,0.0085,24.0,1.2,
49,0.3820,12.5,0.0085,24.0,1.1,
50,0.3905,13.5,0.0085,24.0,1.0,
51,0.3990,14.4,0.0085,24.0,0.9,
52,0.4065,15.4,0.0075,24.0,1.0,
53,0.4150,16.4,0.0085,24.0,1.0,
54,0.4235,17.3,0.0085,24.0,0.9,
55,0.4320,18.1,0.0085,24.0,0.8,
56,0.4405,19.0,0.0085,24.0,0.9,
57,0.4490,20.0,0.0085,24.0,1.0,
58,0.4565,20.8,0.0075,24.0,0.8,
59,0.4650,21.8,0.0085,24.0,1.0,
60,0.4735,22.7,0.0085,24.0,0.9,
61,0.4820,23.6,0.0085,24.0,0.9,
62,0.4905,24.5,0.0085,24.0,0.9,
63,0.4985,25.4,0.0080,24.0,0.9,
64,0.5070,26.3,0.0085,24.0,0.9,
65,0.5150,27.2,0.0080,24.0,0.9,
66,0.5235,28.1,0.0085,24.0,0.9,
67,0.5320,29.0,0.0085,24.0,0.9,
68,0.5405,29.9,0.0085,24.0,0.9,
69,0.5485,30.8,0.0080,24.0,0.9,
70,0.5570,31.7,0.0085,24.0,0.9,
71,0.5650,32.6,0.0080,24.0,0.9,
72,0.5735,33.6,0.0085,24.0,1.0,
73,0.5820,34.6,0.0085,24.0,1.0,
74,0.5905,35.4,0.0085,24.0,0.8,
75,0.5990,36.4,0.0085,24.0,1.0,
76,0.6075,37.3,0.0085,24.0,0.9,
77,0.6150,38.2,0.0075,24.0,0.9,
78,0.6235,39.1,0.0085,24.0,0.9,
79,0.6320,40.1,0.0085,24.0,1.0,
80,0.6405,41.1,0.0085,24.0,1.0,
81,0.6490,42.0,0.0085,24.0,0.9,
82,0.6575,43.0,0.0085,24.0,1.0,
83,0.6650,43.9,0.0075,24.0,0.9,
84,0.6735,44.8,0.0085,24.0,0.9,
85,0.6820,45.7,0.0085,24.0,0.9,
86,0.6905,46.6,0.0085,24.0,0.9,
87,0.6990,47.5,0.0085,24.0,0.9,
88,0.7075,48.5,0.0085,24.0,1.0,
89,0.7160,49.4,0.0085,24.0,0.9,
90,0.7235,50.3,0.0075,24.0,0.9,
91,0.7320,51.3,0.0085,24.0,1.0,
92,0.7405,52.3,0.0085,24.0,1.0,
93,0.7490,53.2,0.0085,24.0,0.9,
94,0.7575,54.3,0.0085,24.0,1.1,
95,0.7660,55.2,0.0085,24.0,0.9,
96,0.7735,56.1,0.0075,24.0,0.9,
97,0.7820,57.1,0.0085,24.0,1.0,
98,0.7905,58.1,0.0085,24.0,1.0,
99,0.7990,59.0,0.0085,24.0,0.9,
100,0.8075,60.0,0.0085,24.0,1.0,
101,0.8160,61.0,0.0085,24.0,1.0,
102,0.8235,61.9,0.0075,24.0,0.9,
103,0.8320,63.0,0.0085,24.0,1.1,
104,0.8405,63.9,0.0085,24.0,0.9,
105,0.8490,65.0,0.0085,24.0,1.1,
106,0.8575,66.0,0.0085,24.0,1.0,
107,0.8660,67.0,0.0085,24.0,1.0,
108,0.8735,68.0,0.0075,24.0,1.0,
109,0.8820,69.0,0.0085,24.0,1.0,
110,0.8905,70.1,0.0085,24.0,1.1,
111,0.8990,71.3,0.0085,24.0,1.2,
112,0.9075,72.5,0.0085,24.0,1.2,
113,0.9160,73.5,0.0085,24.0,1.0,
114,0.9235,74.3,0.0075,24.0,0.8,
115,0.9320,75.4,0.0085,24.0,1.1,
116,0.9405,76.4,0.0085,24.0,1.0,
117,0.9490,77.4,0.0085,24.0,1.0,
118,0.9575,78.6,0.0085,24.0,1.2,
119,0.9660,79.8,0.0085,24.0,1.2,
120,0.9745,80.8,0.0085,24.0,1.0,
121,0.9820,81.9,0.0075,24.0,1.1,
122,0.9905,83.0,0.0085,24.0,1.1,
123,0.9990,84.2,0.0085,24.0,1.2,
124,1.0075,85.3,0.0085,24.0,1.1,
125,1.0160,86.7,0.0085,24.0,1.4,
126,1.0245,87.9,0.0085,24.0,1.2,
127,1.0320,88.9,0.0075,24.0,1.0,
128,1.0405,90.3,0.0085,24.0,1.4,
129,1.0490,91.8,0.0085,24.0,1.5,
130,1.0575,93.1,0.0085,24.0,1.3,
131,1.0660,94.3,0.0085,24.0,1.2,
132,1.0745,95.8,0.0085,24.0,1.5,
133,1.0830,97.0,0.0085,24.0,1.2,
134,1.0905,98.5,0.0075,24.0,1.5,
135,1.0990,100.2,0.0085,24.0,1.7,
136,1.1075,101.6,0.0085,24.0,1.4,
137,1.1160,103.3,0.0085,24.0,1.7,
138,1.1245,105.0,0.0085,24.0,1.7,
139,1.1330,106.9,0.0085,24.0,1.9,
140,1.1405,108.9,0.0075,24.0,2.0,
141,1.1490,110.8,0.0085,24.0,1.9,
142,1.1575,112.5,0.0085,24.0,1.7,
143,1.1660,114.2,0.0085,24.0,1.7,
144,1.1745,116.2,0.0085,24.0,2.0,
145,1.1830,118.4,0.0085,24.0,2.2,
146,1.1905,120.4,0.0075,24.0,2.0,
147,1.1990,122.8,0.0085,24.0,2.4,
148,1.2075,125.0,0.0085,24.0,2.2,
149,1.2160,127.7,0.0085,24.0,2.7,
150,1.2245,131.1,0.0085,24.0,3.4,
151,1.2330,134.0,0.0085,24.0,2.9,
152,1.2415,136.6,0.0085,24.0,2.6,
153,1.2490,140.1,0.0075,24.0,3.5,
154,1.2575,143.9,0.0085,24.0,3.8,
155,1.2660,148.1,0.0085,24.0,4.2,
156,1.2745,151.5,0.0085,24.0,3.4,
157,1.2830,155.1,0.0085,24.0,3.6,
158,1.2915,158.9,0.0085,24.0,3.8,
159,1.2990,162.2,0.0075,24.0,3.3,
160,1.3075,165.9,0.0085,24.0,3.7,
161,1.3160,169.6,0.0085,24.0,3.7,
162,1.3245,172.6,0.0085,24.0,3.0,
163,1.3330,175.7,0.0085,24.0,3.1,
164,1.3415,178.5,0.0085,24.0,2.8,
165,1.3490,180.7,0.0075,24.0,2.2,
166,1.3575,183.3,0.0085,24.0,2.6,
167,1.3660,185.1,0.0085,24.0,1.8,
407,1.3660,190.8,0.0000,24.0,5.7,
408,1.3665,190.8,0.0005,24.0,0.0,
409,1.3685,190.8,0.0020,24.0,0.0,
410,1.3710,190.7,0.0025,24.0,-0.1,
411,1.3750,191.0,0.0040,23.9,0.3,
412,1.3815,191.7,0.0065,24.0,0.7,
413,1.3890,192.9,0.0075,24.0,1.2,
414,1.3975,194.3,0.0085,24.0,1.4,
415,1.4060,195.9,0.0085,24.0,1.6,
416,1.4145,197.4,0.0085,24.0,1.5,
417,1.4230,198.7,0.0085,23.9,1.3,
418,1.4315,200.2,0.0085,23.9,1.5,
419,1.4390,201.3,0.0075,23.9,1.1,
420,1.4475,202.5,0.0085,24.0,1.2,
421,1.4560,203.5,0.0085,24.0,1.0,
422,1.4645,204.7,0.0085,24.0,1.2,
423,1.4730,205.9,0.0085,24.0,1.2,
424,1.4815,207.1,0.0085,24.0,1.2,
425,1.4900,207.8,0.0085,24.0,0.7,
426,1.4975,208.7,0.0075,24.0,0.9,
427,1.5060,209.7,0.0085,24.0,1.0,
428,1.5145,210.7,0.0085,23.9,1.0,
429,1.5230,211.5,0.0085,24.0,0.8,
430,1.5315,212.2,0.0085,24.0,0.7,
431,1.5400,212.9,0.0085,24.0,0.7,
432,1.5475,213.8,0.0075,24.0,0.9,
433,1.5560,214.6,0.0085,24.0,0.8,
434,1.5645,215.2,0.0085,24.0,0.6,
435,1.5730,216.1,0.0085,24.0,0.9,
436,1.5815,216.7,0.0085,23.9,0.6,
437,1.5900,217.4,0.0085,23.9,0.7,
438,1.5975,218.0,0.0075,24.0,0.6,
439,1.6060,218.6,0.0085,23.9,0.6,
440,1.6145,219.3,0.0085,23.9,0.7,
441,1.6230,219.9,0.0085,23.9,0.6,
442,1.6315,220.5,0.0085,23.9,0.6,
443,1.6400,221.2,0.0085,23.9,0.7,
444,1.6485,221.6,0.0085,23.9,0.4,
445,1.6560,222.2,0.0075,24.0,0.6,
446,1.6645,222.8,0.0085,23.9,0.6,
447,1.6730,223.3,0.0085,24.0,0.5,
448,1.6815,223.8,0.0085,24.0,0.5,
449,1.6900,224.3,0.0085,23.9,0.5,
450,1.6985,224.9,0.0085,23.9,0.6,
451,1.7060,225.5,0.0075,23.9,0.6,
452,1.7145,225.9,0.0085,23.9,0.4,
453,1.7230,226.4,0.0085,24.0,0.5,
454,1.7315,226.8,0.0085,24.0,0.4,
455,1.7400,227.3,0.0085,23.9,0.5,
456,1.7485,227.8,0.0085,23.9,0.5,
457,1.7565,228.1,0.0080,23.9,0.3,
458,1.7645,228.6,0.0080,24.0,0.5,
459,1.7730,229.0,0.0085,23.9,0.4,
460,1.7815,229.4,0.0085,23.9,0.4,
461,1.7900,229.9,0.0085,24.0,0.5,
462,1.7985,230.3,0.0085,24.0,0.4,
463,1.8065,230.6,0.0080,24.0,0.3,
464,1.8150,231.1,0.0085,24.0,0.5,
465,1.8230,231.4,0.0080,23.9,0.3,
466,1.8315,231.9,0.0085,23.9,0.5,
467,1.8400,232.2,0.0085,23.9,0.3,
468,1.8485,232.7,0.0085,23.9,0.5,
469,1.8565,232.9,0.0080,23.9,0.2,
470,1.8650,233.3,0.0085,23.9,0.4,
471,1.8730,233.7,0.0080,23.9,0.4,
472,1.8805,234.1,0.0075,23.9,0.4,
473,1.8825,234.2,0.0020,23.9,0.1,
474,1.8840,234.3,0.0015,23.9,0.1,
475,1.8865,234.4,0.0025,24.0,0.1,
476,1.8885,234.5,0.0020,24.0,0.1,
477,1.8910,234.6,0.0025,24.0,0.1,
478,1.8950,234.8,0.0040,23.9,0.2,
479,1.8975,234.8,0.0025,23.9,0.0,
480,1.9000,235.0,0.0025,23.9,0.2,
,1.9000,235.0,,,,EP
481,1.9020,235.0,0.0020,23.9,0.0,
 ,,,,,,
6/16/2018 1:57:31 PM,,SystemInternal,,,1/1,
