"","baseMean","log2FoldChange","lfcSE","stat","pvalue","padj","contrast","gene_id"
"1",2386.31316840525,-0.57621852076779,0.171994336867591,-3.35021798544093,0.00080747987172805,0.0455362601492639,"xl_vs_amb","adi2mcaRNA17502_R0"
"2",206.565597098128,-1.09394624478654,0.314985689002378,-3.4730030061089,0.000514669590655101,0.033212816384029,"xl_vs_amb","g50130"
"3",1382.93309257569,0.594585189322912,0.137074270763546,4.33768632151672,1.43990455792408e-05,0.00227061039799561,"xl_vs_amb","adi2mcaRNA3536_R0"
"4",1865.61008573911,0.636328814056676,0.152492353303975,4.17285719755555,3.00803488222322e-05,0.00401831309457755,"xl_vs_amb","g31698"
"5",96.971344041091,1.0513386435109,0.298950431669587,3.51676576494422,0.000436839095092196,0.029746189420028,"xl_vs_amb","g36478"
"6",97.1521833011514,-1.15686295670562,0.33476416660587,-3.45575504222838,0.000548753771915082,0.0341121678794213,"xl_vs_amb","g5417"
"7",733.013522009403,0.763908688666683,0.13563422363593,5.63212342865006,1.78004210092718e-08,8.3432583789815e-06,"xl_vs_amb","g60073"
"8",176.068426568208,-0.949156568956314,0.286510570293476,-3.3128151885778,0.000923619898202481,0.0497971211439605,"xl_vs_amb","adi2mcaRNA33811_R0"
"9",202.274905452997,0.826280032094726,0.227985563924696,3.62426470286358,0.000289784701039451,0.0221005619450924,"xl_vs_amb","g18629"
"10",54.5563873500433,1.46329026470332,0.409159732767161,3.57633009193509,0.000348451613796408,0.025200261021214,"xl_vs_amb","g13155"
"11",603.007999439386,1.58377826080555,0.216400065219808,7.31875130997223,2.50288940570199e-13,6.56163743822348e-10,"xl_vs_amb","g599"
"12",371.089139754979,0.885799785526467,0.16781668722964,5.27837725883802,1.3033292174476e-07,4.96994975955063e-05,"xl_vs_amb","g35487"
"13",2525.88570916598,-0.585558531743704,0.129271052211568,-4.52969571861583,5.90686940999304e-06,0.00119119973207485,"xl_vs_amb","g35482"
"14",582.379624300967,0.652428037776851,0.174230028432339,3.74463600590076,0.000180655494560952,0.0157215256739703,"xl_vs_amb","adi2mcaRNA9037_R0"
"15",265.360725053888,-1.08795380911599,0.293983631698861,-3.7007291964827,0.000214980805409285,0.0179654024098193,"xl_vs_amb","g7529"
"16",67.7101230527643,-1.12709655107236,0.307171949370203,-3.66926912884868,0.00024324489933531,0.0194716613502269,"xl_vs_amb","g43430"
"17",179.667521402584,-0.882027987096851,0.210227969322509,-4.19557868507847,2.72175774606248e-05,0.00373094282406329,"xl_vs_amb","g31867"
"18",209.562435823735,0.74518848945869,0.215716013265471,3.45448851097403,0.00055133770652468,0.0341121678794213,"xl_vs_amb","g25424"
"19",841.966737284919,0.747848242214444,0.11728758819588,6.37619251719522,1.81544693654475e-10,1.6554508087023e-07,"xl_vs_amb","g29880"
"20",1986.06259457444,0.573835566145264,0.137274380550473,4.18020874575557,2.91241619829809e-05,0.00391551954659653,"xl_vs_amb","g46859"
"21",373.473238720421,-0.824144725955228,0.189774002486741,-4.34276937386516,1.40697810524067e-05,0.0022354963485767,"xl_vs_amb","g36061"
"22",150.189080509212,0.91265808042354,0.235392702452117,3.87717236310327,0.000105677494559623,0.010405512175582,"xl_vs_amb","g3564"
"23",803.060510735355,0.96390059164395,0.162456041631509,5.93330098384594,2.96903838049422e-09,1.96742941286744e-06,"xl_vs_amb","g26875"
"24",58.9374209410567,1.29542623232705,0.389227721938069,3.32819621859608,0.000874102770705361,0.0480790237149647,"xl_vs_amb","g12781"
"25",540.697616770377,-0.645053681063749,0.181675713440585,-3.55057739335481,0.000384387100261392,0.0272356441006154,"xl_vs_amb","g3450"
"26",11785.5210596633,-0.656704838582246,0.159693411539313,-4.11228511090189,3.91762064930054e-05,0.00497965199259274,"xl_vs_amb","g3456"
"27",9671.64349563401,-0.592848659561805,0.148898486310477,-3.98156270256248,6.84636544404834e-05,0.00740148569371267,"xl_vs_amb","g3458"
"28",61.8602942614262,-1.69987022271225,0.423455942329318,-4.01427882523438,5.9627826514564e-05,0.00658197055521026,"xl_vs_amb","g1488"
"29",500.189195835189,1.20137008870791,0.180399628054635,6.65949315784656,2.74773494992848e-11,3.38989677087353e-08,"xl_vs_amb","g8795"
"30",663.527813460121,0.870296175179825,0.220525229910116,3.94646986893313,7.93118974678194e-05,0.00823469517620088,"xl_vs_amb","g24189"
"31",1035.85615919667,0.553237106524124,0.148144511714126,3.73444213439176,0.000188131739278245,0.0162373949295581,"xl_vs_amb","g39439"
"32",612.953198107954,0.549079835836617,0.15624935385553,3.51412548140393,0.00044120434121742,0.0299462092179707,"xl_vs_amb","g52668"
"33",64.391422965016,-2.05572910264049,0.555476804872519,-3.70083698294527,0.000214889499248356,0.0179654024098193,"xl_vs_amb","g55947"
"34",9647.22736993359,0.471791938299672,0.138331534857115,3.41058847345975,0.000648228493803818,0.0390669431050215,"xl_vs_amb","g37104"
"35",621.767915722156,0.828335330917233,0.186910652249749,4.43171815488834,9.34851641517635e-06,0.0017049255197869,"xl_vs_amb","g22428"
"36",197.507307176562,0.947077412008016,0.195483136713333,4.84480363846864,1.26736959239884e-06,0.00034077618540232,"xl_vs_amb","g38363"
"37",1455.03736626161,0.781192147304395,0.223518902660003,3.49497128881611,0.00047411275340001,0.0315668786573283,"xl_vs_amb","g6024"
"38",1220.40104384364,0.520013242779592,0.135017922594621,3.85143862967649,0.000117425959163939,0.011245546308426,"xl_vs_amb","g55324"
"39",3590.20482203032,0.79418203167899,0.144996361765401,5.47725489115339,4.3197475832847e-08,1.88745970967146e-05,"xl_vs_amb","g44690"
"40",154.317828629153,-1.27262143786599,0.333313989139909,-3.81808588697369,0.00013449110754754,0.012480893799091,"xl_vs_amb","adi2mcaRNA36908_R0"
"41",2623.00710682684,0.337533113053312,0.101320299796065,3.33134735815717,0.00086426683909479,0.0478265657423088,"xl_vs_amb","adi2mcaRNA578_R0"
"42",250.14536663691,0.6223797702301,0.186127130656165,3.34384228691425,0.00082626695358399,0.0463323612772402,"xl_vs_amb","g70218"
"43",460.449845475739,0.979182535035613,0.170072034994312,5.75745762710702,8.53901936849622e-09,4.36802081013345e-06,"xl_vs_amb","g61659"
"44",367.15733389982,0.834225894957648,0.188368589719565,4.42868896666694,9.48076312630449e-06,0.00171413831937917,"xl_vs_amb","g51637"
"45",1008.20410865116,-0.628627208404623,0.185743326841505,-3.38438650310723,0.00071337505266673,0.0414449168409399,"xl_vs_amb","g15571"
"46",592.57284934959,0.537091014215543,0.14766257151188,3.63728606861173,0.000275525868126383,0.0212503277184472,"xl_vs_amb","g2588"
"47",513.511875353719,-0.632943215032199,0.142300778433388,-4.44792517651958,8.67037193813759e-06,0.00160923637750938,"xl_vs_amb","g71105"
"48",1317.45638333228,0.730929352835714,0.215352794417662,3.39410201205993,0.000688540391087503,0.0402249515940897,"xl_vs_amb","g41478"
"49",270.56341958286,0.961552977390304,0.203891902929067,4.71599393392696,2.40533601236909e-06,0.000593495437499022,"xl_vs_amb","g22336"
"50",190.96010861534,0.757960963745136,0.220647093789872,3.43517311162486,0.000592175413984003,0.0362090231996691,"xl_vs_amb","g4141"
"51",46.9216817090146,-1.80212757821021,0.49538013169978,-3.63786809944646,0.000274904139313934,0.0212503277184472,"xl_vs_amb","g59525"
"52",1113.07457540762,-0.722886178443122,0.131763669385286,-5.48623290331534,4.10595477290961e-08,1.83221679685603e-05,"xl_vs_amb","adi2mcaRNA24690_R0"
"53",1309.06012324202,0.746635788846666,0.163729555306602,4.56017722303408,5.11104677004953e-06,0.001061326573349,"xl_vs_amb","g21752"
"54",100.112620022979,0.979983780247465,0.257965247286306,3.79889845844164,0.000145340619080209,0.0131770962510459,"xl_vs_amb","g33815"
"55",186.838347634498,0.765203985058982,0.226700034655484,3.37540303521287,0.000737076607221259,0.042236906238392,"xl_vs_amb","g17791"
"56",1268.69170592551,-0.618757620668368,0.132456233921224,-4.67141184941406,2.99136471075944e-06,0.000704920135716378,"xl_vs_amb","g5668"
"57",169.30348308521,0.861406220651768,0.213583150276957,4.0331188089265,5.50414334830234e-05,0.0063427691452717,"xl_vs_amb","g62095"
"58",1057.61836455919,0.509422350146875,0.1313521900285,3.87829354071938,0.000105191745042958,0.010405512175582,"xl_vs_amb","adi2mcaRNA4451_R1"
"59",1517.4273008354,-0.797762223606595,0.190428695105586,-4.18929627787589,2.79820863608298e-05,0.00378624707900441,"xl_vs_amb","g21329"
"60",1117.7467972421,-0.761978308865517,0.18770317846266,-4.05948538062235,4.91809868194425e-05,0.00579479121665262,"xl_vs_amb","g21327"
"61",1124.17507118484,0.477580863752243,0.112291453235404,4.25304731564082,2.10880996635287e-05,0.00302931996056978,"xl_vs_amb","g52461"
"62",52.7289335880453,1.53890068663065,0.463841569439174,3.31772912999436,0.000907524464904436,0.0490554396970122,"xl_vs_amb","g56752"
"63",1031.83244313619,0.480423666110553,0.137788829210915,3.48666629117781,0.000489081217865294,0.0321551736121906,"xl_vs_amb","g37210"
"64",1188.11566372391,1.01102735521043,0.211168156762574,4.78778320893892,1.68633668338985e-06,0.000442094240759192,"xl_vs_amb","g46076"
"65",525.779167089405,0.56242105936303,0.159109627341662,3.53480219116674,0.00040808052172752,0.0282464448257138,"xl_vs_amb","g30099"
"66",757.889096896141,0.881320436436299,0.133235151022093,6.61477417689991,3.7211936180443e-11,4.33581076395795e-08,"xl_vs_amb","adi2mcaRNA28878_R0"
"67",1291.58103043708,-0.550126174711605,0.14375383516501,-3.82686259521449,0.000129786913917653,0.0123168368578956,"xl_vs_amb","g26272"
"68",419.511352778144,0.661460218504937,0.191523581759337,3.45367506407701,0.000553003246030766,0.0341121678794213,"xl_vs_amb","adi2mcaRNA35545_R0"
"69",12204.5948793605,0.715975262885828,0.166635513813439,4.29665469563358,1.73394976773178e-05,0.00259758060561705,"xl_vs_amb","g44888"
"70",179.5400533275,0.863200677913651,0.209666274152695,4.11702206948649,3.83799333299509e-05,0.00490818501054305,"xl_vs_amb","g16158"
"71",1277.29146966696,0.521721393742983,0.123832286034807,4.21312898638031,2.51857137232776e-05,0.00354510049609598,"xl_vs_amb","g38094"
"72",2164.54267151832,0.521867347449349,0.141825568156982,3.67964221283226,0.000233561411895691,0.0191347011394075,"xl_vs_amb","g37041"
"73",733.45044158442,0.856699648005514,0.197164617332597,4.34509832238483,1.3921329376272e-05,0.0022354963485767,"xl_vs_amb","g64782"
"74",3797.55137159765,-2.11846321994538,0.631104861940971,-3.35675312883825,0.000788634944641003,0.0447028126863669,"xl_vs_amb","g23023"
"75",231.32037504184,1.85288610978429,0.261697187906248,7.08026755888593,1.43876401615865e-12,2.74319979189957e-09,"xl_vs_amb","g20129"
"76",191.080387217313,-1.36372331370766,0.33680600014848,-4.04898758664176,5.14396727860574e-05,0.00599357920745546,"xl_vs_amb","g53582"
"77",136.986310072153,-1.39217463456022,0.309550263407221,-4.49741059573506,6.87860704005558e-06,0.00133578727269524,"xl_vs_amb","g53580"
"78",27541.6372110037,0.499378081412078,0.150778107430642,3.31200656329893,0.000926293727483928,0.0498132265295395,"xl_vs_amb","g55535"
"79",8096.98447932108,0.702850507624641,0.107420474267058,6.54298458855511,6.03030468717803e-11,6.65650422127288e-08,"xl_vs_amb","g39788"
"80",5004.87526620818,0.761234632401507,0.113974853095071,6.67897006865655,2.40627296851871e-11,3.17156066469307e-08,"xl_vs_amb","g39782"
"81",158.788966305896,-1.01859185975338,0.290258248435553,-3.50926068507418,0.000449354242345359,0.0304009887893846,"xl_vs_amb","g18775"
"82",12441.2598412727,0.447155110235355,0.108893678147873,4.10634591319558,4.01967387834636e-05,0.00504818085332684,"xl_vs_amb","g46302"
"83",332.173159221997,0.960636133106679,0.185115076843394,5.18939974791664,2.10973050583803e-07,7.25366850802311e-05,"xl_vs_amb","g24269"
"84",6752.53139858972,0.71727631141563,0.161108996455621,4.45211830000573,8.50272970184283e-06,0.00159221205389955,"xl_vs_amb","adi2mcaRNA9093_R1"
"85",602.237340613151,1.03731897110969,0.195064771395707,5.31781809543348,1.05018981342309e-07,4.15577942583442e-05,"xl_vs_amb","g36901"
"86",512.408163022877,1.50451258349402,0.233288054508442,6.44916254569551,1.12469887204403e-10,1.12325283063712e-07,"xl_vs_amb","g70614"
"87",1844.38857195321,0.886423649986017,0.130094651680638,6.81368248836278,9.51315469383197e-12,1.53476456456721e-08,"xl_vs_amb","g60703"
"88",1548.42226705946,1.0076387243907,0.166773833306587,6.04194737515157,1.52265133572958e-09,1.06448554880855e-06,"xl_vs_amb","g48219"
"89",219.580553535315,0.665311340972307,0.195328042005122,3.40612302331306,0.000658924798426812,0.0393042646241552,"xl_vs_amb","g35246"
"90",3164.75732273901,0.964399065287604,0.166646818674571,5.78708356365859,7.1618955919788e-09,3.95194143109106e-06,"xl_vs_amb","g30622"
"91",18365.0408414587,0.747240585127958,0.179571640752564,4.16123939167878,3.16525067010406e-05,0.00414905014400578,"xl_vs_amb","g54998"
"92",266.356638306302,0.687139916393277,0.180182504314823,3.81357734484962,0.000136969632976353,0.0125994040018116,"xl_vs_amb","g67741"
"93",1400.99727137686,0.678031382018814,0.120407314881848,5.63114776443727,1.79014269324449e-08,8.3432583789815e-06,"xl_vs_amb","g63358"
"94",100.228616248949,0.96567616977694,0.271735188537255,3.55373985597948,0.000379794692946976,0.0270933132489011,"xl_vs_amb","g289"
"95",1547.80821893685,0.875354339671797,0.124450911523671,7.03373184619305,2.01081406547748e-12,3.51440028293826e-09,"xl_vs_amb","g38611"
"96",774.398708550239,-0.644277058042654,0.187299573125709,-3.43982128357675,0.000582098428231264,0.0356969308049541,"xl_vs_amb","g40895"
"97",589.360396296598,-0.73013569068604,0.170072808705263,-4.29307716056697,1.76213732869605e-05,0.00262108554572641,"xl_vs_amb","g33831"
"98",13296.9722730942,0.468480977368664,0.131864411190108,3.55274765299076,0.000381229981981777,0.0271035132613688,"xl_vs_amb","adi2mcaRNA1705_R0"
"99",7760.07352931897,0.418755171039597,0.119044044813789,3.51764904909458,0.000435387762744643,0.0297439333812488,"xl_vs_amb","g51662"
"100",144.439588961581,-1.29947240729084,0.249348626541332,-5.21146807710787,1.87352084565339e-07,6.69602696031855e-05,"xl_vs_amb","adi2mcaRNA18251_R0"
"101",128.3740270396,-1.00844797242171,0.239738378870563,-4.20645195472093,2.59411201305204e-05,0.00357936258221976,"xl_vs_amb","adi2mcaRNA38533_R2"
"102",107.616821961228,-1.27777489283145,0.2581008396974,-4.95068088243932,7.39542844382339e-07,0.000215422667711539,"xl_vs_amb","adi2mcaRNA38533_R1"
"103",241.937439625199,0.659814536008721,0.170250845312417,3.87554337717345,0.000106387024914896,0.0104264255772902,"xl_vs_amb","g33677"
"104",3546.52634858515,0.647969070084735,0.140994782576798,4.5956953742724,4.31308438710007e-06,0.000952192830006839,"xl_vs_amb","adi2mcaRNA11548_R0"
"105",199.011970836158,0.965908228067918,0.288698269211133,3.34573612341791,0.000820644530621938,0.0461431038625574,"xl_vs_amb","g10757"
"106",1064.18412007165,0.511041905212099,0.120304847323452,4.24789122451657,2.15792117385903e-05,0.00307672108649251,"xl_vs_amb","g71012"
"107",223.237204429812,-0.691873372986045,0.198608403608345,-3.48360573075456,0.000494707674169948,0.0323224425245056,"xl_vs_amb","g50900"
"108",755.042980817019,0.436814047976772,0.131920181358464,3.31119957142739,0.000928969304531209,0.0498293432837162,"xl_vs_amb","g25058"
"109",286.910680212976,0.819613826755747,0.231101407755957,3.54655488564249,0.000390303430921085,0.0272861128556931,"xl_vs_amb","g18997"
"110",67.1336305422488,-1.04892711494634,0.285331946358053,-3.67616430033417,0.000236767066500513,0.0192469600221521,"xl_vs_amb","g62259"
"111",486.882002217795,0.565629185588687,0.167570333530134,3.3754732933498,0.000736888436685309,0.042236906238392,"xl_vs_amb","g62096"
"112",261.164521019925,1.06886085835956,0.207539964202813,5.15014475628918,2.60285490594084e-07,8.39841168343036e-05,"xl_vs_amb","g20450"
"113",219.009864991423,-1.06982137428733,0.281935101015382,-3.79456609139619,0.000147901882060393,0.0132561802241565,"xl_vs_amb","g25096"
"114",2877.18164742563,-0.669569280883182,0.197246286974706,-3.39458496863388,0.0006873270817391,0.0402249515940897,"xl_vs_amb","g45179"
"115",411.250954256062,0.936900746686106,0.253374687727575,3.69768880660032,0.000217571383239404,0.0180342817327551,"xl_vs_amb","g9390"
"116",174.646330027532,0.809072516159392,0.213058793388938,3.79741433474859,0.000146213281615321,0.0131770962510459,"xl_vs_amb","adi2mcaRNA11892_R0"
"117",1198.09024693092,0.843906799838361,0.19551495757612,4.31632858324818,1.58645772931843e-05,0.00244652779095555,"xl_vs_amb","g18682"
"118",554.498015184182,0.595935686878155,0.168454071543198,3.53767458048846,0.000403667228737932,0.0280334860540419,"xl_vs_amb","g16312"
"119",1211.36181712024,-0.472581354458754,0.109038172690064,-4.33409092247029,1.46363677781528e-05,0.00227384104749035,"xl_vs_amb","adi2mcaRNA29360_R2"
"120",750.344338780172,0.610034613180343,0.175788638167417,3.47027327556494,0.000519929083316139,0.0333220587307844,"xl_vs_amb","adi2mcaRNA3566_R1"
"121",66.7949751352845,-1.77841593472395,0.475747800875139,-3.73814851367163,0.000185380434029645,0.0160660489376188,"xl_vs_amb","g52062"
"122",117.214902302114,-1.01951451621081,0.267014967755549,-3.81819238367256,0.000134433076121477,0.012480893799091,"xl_vs_amb","g34963"
"123",466.367948850139,0.860040163874359,0.156047751026942,5.51139095702744,3.56008958627802e-08,1.62316867158715e-05,"xl_vs_amb","adi2mcaRNA19270_R0"
"124",2300.94757456284,0.827004420647483,0.105863294196674,7.81200346090747,5.62860148874769e-15,1.6864094146215e-11,"xl_vs_amb","g59871"
"125",406.439703805143,0.789168701914454,0.220188730279765,3.58405582752468,0.000338299727378974,0.024635972855275,"xl_vs_amb","g68058"
"126",59.6634238773262,1.24337444988611,0.324588205696322,3.83062116264748,0.000127820173304188,0.0121853295214033,"xl_vs_amb","g33802"
"127",1377.08635813342,0.613289510606203,0.142399383384804,4.30682701026112,1.65613025715707e-05,0.00251695796256198,"xl_vs_amb","g34141"
"128",738.518539968232,0.467218054999022,0.14062348505011,3.32247529516519,0.000892225717709345,0.0486042856558911,"xl_vs_amb","g41480"
"129",816.908254738335,0.504930596127654,0.151446749273167,3.33404710600227,0.000855921610470398,0.0475601134835048,"xl_vs_amb","g13634"
"130",369.193277115655,1.05586102573252,0.18338286658769,5.7576863388578,8.52746152628088e-09,4.36802081013345e-06,"xl_vs_amb","g47410"
"131",288.23087687537,0.92199353399051,0.201724965584183,4.57054748439527,4.86451678447802e-06,0.00103054051031169,"xl_vs_amb","adi2mcaRNA32328_R1"
"132",1065.84429811585,1.00536343536337,0.23194919272329,4.33441230624477,1.46150032615595e-05,0.00227384104749035,"xl_vs_amb","adi2mcaRNA11812_R1"
"133",64.2589574995652,-1.07526240912306,0.316180343041847,-3.40078829309368,0.000671918432917922,0.0396961839255988,"xl_vs_amb","adi2mcaRNA32416_R7"
"134",495.278260470481,1.92712671683908,0.210522059541609,9.1540369737747,5.48447879954113e-20,5.75129869313881e-16,"xl_vs_amb","g46147"
"135",491.139243443757,0.733948623920603,0.200525057134546,3.6601342216706,0.000252083167854381,0.0200320878594417,"xl_vs_amb","g70590"
"136",262.926994489492,0.673896163782982,0.194110944317446,3.47170617376887,0.000517162040577884,0.0332712867393864,"xl_vs_amb","g55920"
"137",953.520375565076,1.42755910097213,0.151783730395715,9.40521818280745,5.19223690327655e-21,1.08896784572419e-16,"xl_vs_amb","g69363"
"138",506.870458774211,-0.620369675338808,0.175630981040867,-3.53223373041717,0.000412064971719768,0.0283401780842956,"xl_vs_amb","g21220"
"139",3226.20121146488,-0.418166307741992,0.120148652277282,-3.48040780995976,0.000500651089497769,0.0326091779504246,"xl_vs_amb","g24085"
"140",471.763467474999,0.895260742086707,0.168927943937157,5.299660442323,1.16018245903053e-07,4.50601976171245e-05,"xl_vs_amb","g12314"
"141",183.086280909903,1.01645641185446,0.20363372512883,4.99159169833678,5.98837407019833e-07,0.000176893196301788,"xl_vs_amb","g12315"
"142",133.661851206227,0.977488280884436,0.223193714736048,4.37955110895675,1.18924028352395e-05,0.00201144648922161,"xl_vs_amb","g12316"
"143",1966.76672512843,0.542311358669494,0.113984257799703,4.75777417985613,1.9573929233668e-06,0.00050063904611917,"xl_vs_amb","g33359"
"144",681.528015081416,0.800929074381904,0.217497375198909,3.68247696621362,0.00023097874325723,0.0189973222836623,"xl_vs_amb","adi2mcaRNA29588_R5"
"145",111.666735903438,1.08523915632758,0.274129579053754,3.95885464120154,7.53100520636003e-05,0.00789738860964945,"xl_vs_amb","g22792"
"146",1945.81602724313,-0.417197360622102,0.123561339098876,-3.37643929456165,0.000734305741004564,0.042236906238392,"xl_vs_amb","g43715"
"147",92.4586293537509,-1.10069185323307,0.301499453021501,-3.65072587098383,0.000261500226310737,0.0204643442030414,"xl_vs_amb","g64389"
"148",7401.70866188425,0.462189340444041,0.116270332927405,3.97512700623825,7.03417075649546e-05,0.00756552119363996,"xl_vs_amb","g48528"
"149",8946.21808060872,0.432161455326228,0.124554618774911,3.46965419329178,0.000521128844881385,0.0333220587307844,"xl_vs_amb","adi2mcaRNA16049_R0"
"150",1078.15893902758,0.552255538565371,0.12238202415047,4.5125543755214,6.40515063221372e-06,0.00126731343593791,"xl_vs_amb","g28318"
"151",10922.4218351889,0.932692236487286,0.148457693495826,6.28254565004077,3.33073421639248e-10,2.74010051232761e-07,"xl_vs_amb","g66694"
"152",309.619372162239,0.862891857883513,0.237658247567223,3.6308096466942,0.000282533511946266,0.0216261873943396,"xl_vs_amb","g63803"
"153",177.673601747473,0.889661682405284,0.261179926358445,3.40631722663214,0.000658456220781421,0.0393042646241552,"xl_vs_amb","g66455"
"154",3556.93233081797,0.980058387679203,0.144467567038572,6.78393363831989,1.16947063799299e-11,1.7519505493305e-08,"xl_vs_amb","g67321"
"155",45.5737115082057,1.33598224614266,0.371034274785319,3.60069766308156,0.000317364448914788,0.0236031368336519,"xl_vs_amb","g67320"
"156",417.490038539211,1.54390699971748,0.171133352590721,9.02166045569066,1.85259652576413e-19,1.2951502311617e-15,"xl_vs_amb","g67322"
"157",50.3734546938858,1.73368050171822,0.423145058727334,4.09713044253075,4.18303214308888e-05,0.00516063136100019,"xl_vs_amb","g6911"
"158",138.112630436955,-1.02068179268646,0.302700895757869,-3.37191533619678,0.000746473915063519,0.0426588485575672,"xl_vs_amb","g43136"
"159",342.785441206099,0.597894752609714,0.166993689279382,3.58034339614732,0.000343142951846645,0.0249022045988916,"xl_vs_amb","g7099"
"160",1695.21775802241,0.624523677603409,0.117132341434722,5.33177831121438,9.7255623801513e-08,3.9225811499791e-05,"xl_vs_amb","g56391"
"161",10973.6788410183,0.397245465094224,0.0886967294390062,4.47869349418793,7.51012770126279e-06,0.00141900818268995,"xl_vs_amb","g24278"
"162",701.467455687635,-0.457910133482672,0.129639253762679,-3.5321873598635,0.000412137239103139,0.0283401780842956,"xl_vs_amb","g12059"
"163",242.668383935637,-1.45814762253397,0.311569284549742,-4.68001081891361,2.86859778936714e-06,0.000691529901567782,"xl_vs_amb","g40416"
"164",142.217975997651,-1.24713566006517,0.360721468911181,-3.45733694151773,0.000545542278144996,0.0340819622349624,"xl_vs_amb","adi2mcaRNA18922_R1"
"165",635.535212985853,0.637092829307218,0.151271627378123,4.2115817774256,2.53588717413886e-05,0.00354567744688095,"xl_vs_amb","g56768"
"166",549.851587639888,-0.618837088817359,0.162006344696667,-3.81983242678575,0.000133542369252597,0.012480893799091,"xl_vs_amb","g56765"
"167",199.744197487566,1.03779106308408,0.25776323969785,4.02614067196153,5.66997764496227e-05,0.00649816618293955,"xl_vs_amb","g62917"
"168",1190.19651156643,0.488379272036467,0.146762442712218,3.32768563272088,0.000875706244176632,0.0480790237149647,"xl_vs_amb","g60735"
"169",399.088056654776,-0.575154189370887,0.162553492342158,-3.53824566352747,0.000402795116789587,0.0280334860540419,"xl_vs_amb","adi2mcaRNA16122_R0"
"170",1451.685052454,0.785184737641126,0.133700935937383,5.87269439915406,4.28768449071109e-09,2.49793352288011e-06,"xl_vs_amb","g27843"
"171",5553.39460450865,0.392399189550339,0.103276732061823,3.79949270001535,0.0001449925828703,0.0131770962510459,"xl_vs_amb","g39897"
"172",952.195888511776,-0.403288631530651,0.121111782278521,-3.32988767850188,0.000868810237562227,0.0479514660852437,"xl_vs_amb","g36355"
"173",3825.66026639547,0.497034330638742,0.139648648453706,3.55917752260603,0.000372018016050664,0.0267203214062691,"xl_vs_amb","g6697"
"174",5593.33033128886,0.427272622670286,0.11188214242654,3.81895281412604,0.000134019392879015,0.012480893799091,"xl_vs_amb","g34130"
"175",70.7906331998624,1.38234136809303,0.295637480219093,4.67579877581352,2.92811620806341e-06,0.000697856604905839,"xl_vs_amb","g45330"
"176",673.749542377906,-0.528774534103966,0.143039141782593,-3.6967121552481,0.000218409743962228,0.0180342817327551,"xl_vs_amb","g61004"
"177",74.8445343311241,1.21350238284972,0.304697096092521,3.98265161831815,6.81506198483764e-05,0.00740148569371267,"xl_vs_amb","g19733"
"178",136.838975354116,-0.823027207323387,0.226662776460487,-3.63106470403119,0.000282254403627867,0.0216261873943396,"xl_vs_amb","g46942"
"179",112.688789102354,0.850886013578434,0.243037938216441,3.50104193535688,0.000463442912396065,0.0310536364271012,"xl_vs_amb","g67685"
"180",1892.86558342914,0.545912320268047,0.111996723200673,4.8743597550608,1.09161902052327e-06,0.000301243759439928,"xl_vs_amb","g37215"
"181",13351.3710412759,0.452024308113483,0.127398609872959,3.54811020751511,0.000388005834569104,0.0272861128556931,"xl_vs_amb","g20529"
"182",525.528236010256,0.486978232693818,0.140200657777496,3.47343757449891,0.000513836878731321,0.033212816384029,"xl_vs_amb","g42434"
"183",309.969905285866,0.853502471518344,0.243300891912214,3.5080120948603,0.000451468523951085,0.0304458178547463,"xl_vs_amb","adi2mcaRNA12_R4"
"184",629.903422689436,0.573738109463159,0.139810805821847,4.1036750063099,4.06638589553034e-05,0.00507644710636653,"xl_vs_amb","adi2mcaRNA189_R1"
"185",176.60855108177,-1.20178785032938,0.271858565658647,-4.42063632395668,9.84106778988944e-06,0.00173442617443152,"xl_vs_amb","g58297"
"186",3677.87513908031,0.514309828532695,0.109043508126643,4.71655614688565,2.39870193378641e-06,0.000593495437499022,"xl_vs_amb","g66649"
"187",314.522371780548,2.10311249770563,0.289067611428146,7.27550377337383,3.45130046299219e-13,8.04268051225947e-10,"xl_vs_amb","g22631"
"188",617.759406150266,-0.922319898378093,0.234870185903549,-3.92693476538929,8.60353036441277e-05,0.0088020410894063,"xl_vs_amb","g41405"
"189",218.672417784744,-0.759366867892295,0.223201751388883,-3.40215461199163,0.000668568028986784,0.0396098228020899,"xl_vs_amb","g52659"
"190",791.25017210454,0.67016177511025,0.128085468183696,5.23214525904785,1.67553995556832e-07,6.27519633716686e-05,"xl_vs_amb","g41403"
"191",184.267881218629,-0.780830122986286,0.232553249035737,-3.3576401371468,0.000786108839321959,0.0446803812658521,"xl_vs_amb","g54760"
"192",188.004462349907,1.79928703068844,0.286533981539937,6.27948915873231,3.39687280410613e-10,2.74010051232761e-07,"xl_vs_amb","g43951"
"193",255.191765993426,0.712591419313409,0.206123781984446,3.45710433048032,0.00054601341300469,0.0340819622349624,"xl_vs_amb","g55973"
"194",32.1482902714694,-2.16267944637238,0.624358392427641,-3.46384299883183,0.000532517214804515,0.0336714445643413,"xl_vs_amb","adi2mcaRNA39313_R1"
"195",20370.7477050556,0.672720594843577,0.136383691289773,4.9325589334157,8.11592809783871e-07,0.000233171726021878,"xl_vs_amb","g42393"
"196",468.782592621322,0.754275258499502,0.164303471739767,4.59074449561337,4.41667742370047e-06,0.000964905995909062,"xl_vs_amb","adi2mcaRNA19271_R1"
"197",246.098672071404,-0.711778476723445,0.203610224357696,-3.49578946228661,0.000472661480031714,0.0315668786573283,"xl_vs_amb","g2050"
"198",115.536721825742,1.04935019059933,0.253238137962465,4.14372889898148,3.41703669353519e-05,0.00445127394866544,"xl_vs_amb","g2055"
"199",975.931720440817,0.629928227424991,0.160245507772998,3.93101957227618,8.45863848483538e-05,0.00873906526810111,"xl_vs_amb","g21494"
"200",457.928286496601,-0.766228507571349,0.197137485014323,-3.88677225701483,0.00010158597884619,0.0101940800686179,"xl_vs_amb","g3018"
"201",1247.82762833996,-0.513996144210246,0.117621161760969,-4.36992915658149,1.24286851629777e-05,0.00206878423748517,"xl_vs_amb","g50752"
"202",326.491619561003,0.728106560475961,0.179043252761546,4.06665176847334,4.76934289926055e-05,0.00568337662648815,"xl_vs_amb","g42214"
"203",159706.048496344,0.536744881931288,0.131569368240221,4.07955810011409,4.51213918675712e-05,0.00543868363010673,"xl_vs_amb","g60240"
"204",278.657149633985,-0.902523467211167,0.216845013875678,-4.16206695777935,3.15379838010896e-05,0.00414905014400578,"xl_vs_amb","g41231"
"205",149.074765937152,0.807412811857689,0.224733110678319,3.59276303087093,0.000327190112016838,0.024077748137997,"xl_vs_amb","g46912"
"206",169.995794400779,2.52781410510163,0.316738860024389,7.98075141429436,1.45445123200569e-15,5.08403428147588e-12,"xl_vs_amb","g54458"
"207",186.178995864617,0.938141832968422,0.237320874952182,3.95305231011578,7.71605602077611e-05,0.00805118621511131,"xl_vs_amb","g5109"
"208",1135.8142702199,-0.587465166075829,0.151367182934628,-3.88106031100244,0.000104002043393531,0.0103376059530451,"xl_vs_amb","g10350"
"209",3706.01688428605,0.476279399262411,0.132778839133103,3.58701282803781,0.000334487874265556,0.0244432550068694,"xl_vs_amb","g30300"
"210",750.476168484525,-0.735364253097456,0.180443476478312,-4.07531636748222,4.59518317564272e-05,0.00550713009958599,"xl_vs_amb","g33650"
"211",1909.79416452421,-0.458693692856118,0.137235722221669,-3.34237824839233,0.000830637860117404,0.0463323612772402,"xl_vs_amb","g10192"
"212",108.909830683674,0.981786359886549,0.244041086304356,4.02303716457857,5.74524263723192e-05,0.00654863988210136,"xl_vs_amb","g4177"
"213",4460.19829857941,-0.441272493057634,0.0995344887891213,-4.43336273110857,9.27745840050116e-06,0.0017049255197869,"xl_vs_amb","g1498"
"214",272.108143650118,-1.78825771560157,0.531300745280658,-3.36581066653111,0.000763190728954891,0.0434956498868775,"xl_vs_amb","g59631"
"215",273.088178264059,-0.842938156791992,0.237623374102675,-3.54737053951504,0.000389096927049093,0.0272861128556931,"xl_vs_amb","g69038"
"216",417.258486822641,-0.855719699180039,0.246298311593988,-3.47432222999017,0.000512145597250162,0.033212816384029,"xl_vs_amb","g6969"
"217",513.478474236985,0.784954956116679,0.191576771444214,4.09733889030098,4.17926844723893e-05,0.00516063136100019,"xl_vs_amb","adi2mcaRNA3566_R0"
"218",1018.89250007506,-0.499158278328527,0.131908135708055,-3.78413564598689,0.000154243687219601,0.0137074273392233,"xl_vs_amb","adi2mcaRNA21245_R0"
"219",519.95728942035,0.725788116839441,0.180605982172797,4.0186272243465,5.85381987308843e-05,0.00654916127075413,"xl_vs_amb","g27208"
"220",32832.4131231298,1.12468047882536,0.307832077118972,3.65355192789311,0.000258637452028069,0.0203161171587442,"xl_vs_amb","g34374"
"221",14961.0901434146,0.954673544581064,0.156783699457742,6.08911224752914,1.13538497132862e-09,8.50443892988395e-07,"xl_vs_amb","g60239"
"222",1638.22682242057,1.0321091346219,0.161254953804821,6.40048017297585,1.54889064209951e-10,1.4765856107615e-07,"xl_vs_amb","g1419"
"223",530.696937460261,0.84916476922844,0.156968219597618,5.40978786282496,6.30994487435152e-08,2.70078518060764e-05,"xl_vs_amb","g32315"
"224",197.190753125325,-0.893327032741104,0.25588092112532,-3.4911826517288,0.000480887375674887,0.0319166168671817,"xl_vs_amb","g39558"
"225",124.812089319404,-0.890873896695975,0.242488481535832,-3.67388129553004,0.000238893748102255,0.0192704560728792,"xl_vs_amb","g65426"
"226",479.867796116917,-0.687567290471128,0.167369720033339,-4.10807456888957,3.98971300954046e-05,0.00504073800898145,"xl_vs_amb","adi2mcaRNA23861_R2"
"227",87.6755965839457,0.850520959529672,0.253875555547235,3.35014908267302,0.000807680769347549,0.0455362601492639,"xl_vs_amb","g69301"
"228",304.604908464206,0.732968089882639,0.179070948286724,4.09317143230308,4.25512881348302e-05,0.00518853584913834,"xl_vs_amb","adi2mcaRNA19271_R2"
"229",124.266736288447,1.0772813248985,0.25690930999729,4.19323583450466,2.75003280647677e-05,0.00374522325001541,"xl_vs_amb","g35575"
"230",4092.65704449311,0.620125139672404,0.144635580449055,4.28750061186245,1.80694759968986e-05,0.00266881070480954,"xl_vs_amb","g63074"
"231",5336.26578658486,0.457799465291908,0.105054945327506,4.35771456417146,1.31427630827399e-05,0.00215346226667425,"xl_vs_amb","g67398"
"232",527.943453411337,0.627604102920954,0.172550499418304,3.63721985758783,0.000275596678558987,0.0212503277184472,"xl_vs_amb","g33983"
"233",388.040020666125,1.0299183871928,0.265856832366673,3.87395869432582,0.000107081570063093,0.0104456826462011,"xl_vs_amb","g34402"
"234",197.060474581838,0.776444140313781,0.200853895455351,3.86571611445983,0.000110763717431061,0.0107548492855632,"xl_vs_amb","g22549"
"235",1664.70691287118,-0.462729669532891,0.125832714516661,-3.67733996131525,0.000235678847888897,0.0192330446567076,"xl_vs_amb","g34394"
"236",7791.90046588147,-0.482872179102352,0.145369426544251,-3.32169005946628,0.000894740223234268,0.0486149914556795,"xl_vs_amb","g34395"
"237",808.057488807922,0.603925616162687,0.167130093034275,3.61350613284725,0.000302084206773096,0.0227873404591183,"xl_vs_amb","g54288"
"238",406.672709846428,-0.65827029157789,0.1770475097198,-3.71804321122441,0.000200771933340335,0.0172573350735527,"xl_vs_amb","g54759"
"239",539.697935362892,-0.491714788938705,0.132378714768375,-3.71445507534249,0.00020364204164448,0.0172914353822254,"xl_vs_amb","g70821"
"240",614.251012441579,0.496170005306002,0.148837437773377,3.33363710588382,0.000857184136592992,0.0475601134835048,"xl_vs_amb","g40291"
"241",3147.50135098108,0.726832293926091,0.207296487794447,3.50624509686247,0.000454476513593394,0.0305504356397251,"xl_vs_amb","g31965"
"242",3578.44196007403,-0.417778462803824,0.120563957214221,-3.46520197625487,0.000529833399879609,0.0336714445643413,"xl_vs_amb","adi2mcaRNA32466_R1"
"243",5272.39333725394,0.527964147128957,0.109216146352536,4.83412173713541,1.33734732511483e-06,0.000355040322147256,"xl_vs_amb","adi2mcaRNA11551_R0"
"244",274.317940335452,0.925835018711108,0.18182921193329,5.09178370662894,3.54710612791651e-07,0.000112717358819383,"xl_vs_amb","g13108"
"245",399.144546539926,0.51796400189594,0.152555471692271,3.39525024012746,0.000685659005033345,0.0402249515940897,"xl_vs_amb","g60219"
"246",565.017546600394,0.895630032834021,0.193974234305869,4.61726288565596,3.8883456914372e-06,0.00088641602376644,"xl_vs_amb","g14000"
"247",675.747514336884,0.526514014413998,0.152059115226091,3.46256134419264,0.000535059928687237,0.0336991347878601,"xl_vs_amb","g60214"
"248",1056.25415853231,-0.746033694007568,0.169892587033548,-4.3912080393493,1.12722621844469e-05,0.00193354720417627,"xl_vs_amb","g64424"
"249",761.173545963252,0.545280396889364,0.138760469002475,3.92965230522274,8.50687801621112e-05,0.00874582120754882,"xl_vs_amb","g71356"
"250",181.192930050587,0.701965377307676,0.205497394357853,3.41593322631271,0.000635638314460732,0.038525084389446,"xl_vs_amb","adi2mcaRNA7254_R1"
"251",322.515599945137,-0.712155943386063,0.179498123087842,-3.96748406688104,7.2635366447449e-05,0.00771139961839342,"xl_vs_amb","g828"
"252",4399.84262806621,0.645402168695752,0.124195914234598,5.19664574050827,2.02916528402253e-07,7.09294725030076e-05,"xl_vs_amb","g42248"
"253",8944.84583417569,0.56877782077642,0.13093975433347,4.34381310452047,1.40030659009673e-05,0.0022354963485767,"xl_vs_amb","g1019"
"254",1259.57741926733,0.581065233551926,0.156828092135935,3.7051093693614,0.000211299539559884,0.0178692953354413,"xl_vs_amb","g29409"
"255",9711.09428709517,0.581689746634401,0.146678761610479,3.96573941753844,7.31687657493106e-05,0.00771139961839342,"xl_vs_amb","adi2mcaRNA31306_R5"
"256",251.232607051584,-0.750365039841497,0.209952678795448,-3.57397221196001,0.000351606261022778,0.0253410244413427,"xl_vs_amb","g54761"
"257",18820.3841769073,0.770081468670778,0.171785569500533,4.48280650644749,7.36677213242569e-06,0.00141746157737031,"xl_vs_amb","adi2mcaRNA23140_R3"
"258",910.484185295648,0.75635793949816,0.178112343934213,4.24652173337029,2.17114728842269e-05,0.00307672108649251,"xl_vs_amb","g63081"
"259",687.972142584679,1.03062258620898,0.202837146353178,5.08103473519824,3.75384462981447e-07,0.000117506542419551,"xl_vs_amb","g44802"
"260",824.468599171115,0.904906019766414,0.135502210971412,6.67816424011954,2.41953800768079e-11,3.17156066469307e-08,"xl_vs_amb","g70486"
"261",4805.52193991277,0.486389497210629,0.130875147148126,3.71643897110677,0.000202050417126092,0.0172671304875161,"xl_vs_amb","g48286"
"262",38.1345484230897,1.49283643630678,0.420908739536308,3.54669859778002,0.000390090600528907,0.0272861128556931,"xl_vs_amb","g50896"
"263",378.414360373177,0.794398424767016,0.199916613951726,3.97364885821266,7.07798880117551e-05,0.0075738091391354,"xl_vs_amb","g26467"
"264",369.139948606688,-0.647920102372913,0.175208647130118,-3.69799158309657,0.000217312093059934,0.0180342817327551,"xl_vs_amb","g18923"
"265",74.35758807154,1.21087419214155,0.31710618258868,3.81851335176327,0.000134258319130531,0.012480893799091,"xl_vs_amb","g15947"
"266",1716.12301647754,-0.658708619351506,0.142340571253637,-4.62769408293122,3.69759659594335e-06,0.000852194433040877,"xl_vs_amb","g24069"
"267",89.1640122603878,1.19720841228275,0.267265252108361,4.47947648576981,7.48263322326643e-06,0.00141900818268995,"xl_vs_amb","g66994"
"268",446.741068269935,0.658097572038602,0.194821531352259,3.37795092498626,0.000730281121666485,0.0421933497650446,"xl_vs_amb","g46340"
"269",395.833939316984,1.43738278257606,0.202308123611443,7.1049187591534,1.20393338204886e-12,2.52500948217108e-09,"xl_vs_amb","adi2mcaRNA33699_R1"
"270",394.032784158281,-1.07844164909855,0.263951650272982,-4.08575452353949,4.39338090795307e-05,0.00532614900476878,"xl_vs_amb","g41189"
"271",2250.16537604709,-0.484886033266725,0.130491755847026,-3.71583653020312,0.000202532498923805,0.0172671304875161,"xl_vs_amb","g53469"
"272",836.766240005184,0.846488605984388,0.142832472895522,5.92644367785727,3.09565491940236e-09,1.96742941286744e-06,"xl_vs_amb","g32752"
"273",259.707372870623,-1.08041134614024,0.300335833543677,-3.59734412438373,0.000321483035104596,0.0237410693494672,"xl_vs_amb","g28457"
"274",743.504141763429,0.685957477712172,0.16120172602176,4.25527377802131,2.0879337483992e-05,0.00302001617277079,"xl_vs_amb","g71132"
"275",1383.28752880696,0.395418441184597,0.113391152320701,3.48720718585031,0.000488093077534715,0.0321551736121906,"xl_vs_amb","g57612"
"276",244.121089799017,1.08470111450055,0.221879708397341,4.88869001286985,1.01509190182164e-06,0.000287696249417638,"xl_vs_amb","g8982"
"277",347.30781055299,0.764045850392174,0.147863681206222,5.16723135904194,2.37587096051136e-07,7.88359918673507e-05,"xl_vs_amb","g8981"
"278",233.559727819606,1.09679378982053,0.210498284557922,5.21046426636663,1.88368660019451e-07,6.69602696031855e-05,"xl_vs_amb","g12822"
"279",180.905919948086,-1.17070698709115,0.283566505734101,-4.12850940931971,3.65122500869161e-05,0.00472698408069686,"xl_vs_amb","g541"
"280",213.65683018167,1.00017996443008,0.227435898582302,4.39763454522614,1.09437044911129e-05,0.00189687863051331,"xl_vs_amb","g36451"
"281",448.247088833252,-0.758296521995934,0.182160326180764,-4.16279734393673,3.14372363439742e-05,0.00414905014400578,"xl_vs_amb","g43932"
"282",1559.93590645436,0.500404721937954,0.144878840911551,3.45395310170553,0.000552433435125363,0.0341121678794213,"xl_vs_amb","g42338"
"283",1596.09101763586,-0.643860890606955,0.127371873516585,-5.05496914531227,4.30460355390989e-07,0.000130841232371235,"xl_vs_amb","g62874"
"284",2736.91334422671,1.11711651085124,0.131398007763219,8.50177662407411,1.86710831389985e-17,7.83177253348429e-14,"xl_vs_amb","g62128"
"285",849.372839785604,0.600160007992246,0.135722643077557,4.42195933105498,9.78098697512428e-06,0.00173442617443152,"xl_vs_amb","g48619"
"286",2261.71239974677,0.378412584149308,0.104718016478471,3.61363399417623,0.000301935203847316,0.0227873404591183,"xl_vs_amb","g39879"
"287",337.985610079703,0.871113585282078,0.240924410063487,3.61571326480587,0.00029952177004077,0.0227603988516851,"xl_vs_amb","g18095"
"288",418.06629309538,0.979096513665798,0.211310273519337,4.63345438609827,3.59614024122564e-06,0.000838020547546949,"xl_vs_amb","g29231"
"289",2754.83571368016,0.756496950474013,0.119828038151906,6.31318814979682,2.73344833341978e-10,2.38869216236721e-07,"xl_vs_amb","g41221"
"290",144.074007277147,-1.42597934026328,0.348363641160667,-4.09336443812635,4.25158686135437e-05,0.00518853584913834,"xl_vs_amb","g50869"
"291",868.864886154089,0.594580231669461,0.167177947492201,3.55657095082591,0.000375727039231415,0.0268946184088753,"xl_vs_amb","g42617"
"292",1986.95432248181,0.607143453135155,0.169193578472974,3.58845447099599,0.000332644068122986,0.0243935106319699,"xl_vs_amb","g35504"
"293",753.512053214141,0.561797852067148,0.161174070098853,3.48565902519294,0.000490926328191215,0.0321756183786074,"xl_vs_amb","g69545"
"294",142.20793127937,1.2700499432459,0.324073760068855,3.91901505069727,8.89115630976087e-05,0.00905214666430169,"xl_vs_amb","adi2mcaRNA24060_R1"
"295",1208.41085864461,-0.58702958695568,0.17366065540613,-3.38032575993006,0.000723999637130513,0.041945978976625,"xl_vs_amb","g38327"
"296",13457.8395084186,-0.625816434025361,0.136833962324208,-4.57354609481075,4.79538118917011e-06,0.00102626050694352,"xl_vs_amb","g48131"
"297",22314.8275758883,0.549546990833064,0.108221472549806,5.0779847832892,3.81459237935657e-07,0.000117652126429773,"xl_vs_amb","g38563"
"298",1726.59280826728,1.42755326494407,0.166134308671594,8.59276615624283,8.49002114178598e-18,4.45153033516693e-14,"xl_vs_amb","g34960"
"299",250.370678513818,1.00134688939775,0.169627366474529,5.90321544341204,3.56484245579173e-09,2.19898355368588e-06,"xl_vs_amb","g62002"
"300",252.807515315822,0.85749597626735,0.212437345611813,4.03646531073802,5.42625445829856e-05,0.00628755993115445,"xl_vs_amb","g56890"
"301",849.087742867603,-0.622607637592715,0.186237509112098,-3.34308400365236,0.000828528147604765,0.0463323612772402,"xl_vs_amb","g21143"
"302",191.429856385309,-0.887563472891603,0.239836662444327,-3.70069973391842,0.00021500576955441,0.0179654024098193,"xl_vs_amb","g21141"
"303",78.7082177823363,1.12496261813605,0.280619722181264,4.0088508726033,6.10149306259141e-05,0.00669982272260365,"xl_vs_amb","g33806"
"304",314.7226899918,1.37066444083714,0.241930456823545,5.66553074314596,1.46570141357819e-08,7.31908470166081e-06,"xl_vs_amb","g57525"
"305",923.150519907559,0.530372330594021,0.151972455788156,3.48992406448534,0.000483157814546149,0.0319661477743734,"xl_vs_amb","g10353"
"306",1859.79864809089,0.73132866472614,0.129793805410451,5.63454212944475,1.75524049719936e-08,8.3432583789815e-06,"xl_vs_amb","g28889"
"307",1597.86582385167,0.532298880545238,0.113665865739713,4.68301435159227,2.82686712646429e-06,0.000689394002829484,"xl_vs_amb","g28888"
"308",13138.8304233809,0.471497377135923,0.123529369565218,3.81688483310031,0.000135147213430774,0.0124865308690908,"xl_vs_amb","g57306"
"309",213.807867352578,-0.973442321024067,0.211347771626863,-4.6058792743871,4.1072663622522e-06,0.000926254810919521,"xl_vs_amb","g43846"
"310",444.99715938285,-0.727461470172086,0.165712075990442,-4.38991223677656,1.13396417352635e-05,0.00193354720417627,"xl_vs_amb","g64234"
"311",134.44020932522,-0.814146209698652,0.226021918693416,-3.60206750922679,0.000315696349293599,0.02356263179265,"xl_vs_amb","g1877"
"312",910.630461570634,0.564344064710774,0.140467293776993,4.01761897404196,5.87891552474893e-05,0.00654916127075413,"xl_vs_amb","g36975"
"313",1210.31728393395,0.891435439763133,0.13774837148955,6.47147715884799,9.70494309916926e-11,1.01770885809438e-07,"xl_vs_amb","g24976"
"314",491.811407917546,0.567652785890053,0.130634437816513,4.34535330329489,1.39051674382614e-05,0.0022354963485767,"xl_vs_amb","adi2mcaRNA32698_R0"
"315",378.139976990882,0.495461780281744,0.146161477693986,3.38982465215,0.000699373426365438,0.0407443301976731,"xl_vs_amb","g70627"
"316",683.616803050079,1.04685350700761,0.179178517529608,5.84251684543947,5.14179851263723e-09,2.9145659515011e-06,"xl_vs_amb","g8796"
"317",174.762866185009,0.994457918599897,0.227297123370977,4.37514520136192,1.21351673102023e-05,0.00203608691197499,"xl_vs_amb","g2969"
"318",449.886966306018,0.777819846067627,0.171168689301432,4.54417130400448,5.51517937368355e-06,0.00112300832042976,"xl_vs_amb","g67951"
"319",1255.5707621177,0.472000407810209,0.131127107377889,3.59956394408956,0.000318751246283667,0.0236225084392486,"xl_vs_amb","g4522"
"320",127.915727664512,0.806979360392329,0.242768967781352,3.32406307019902,0.000887161297619395,0.0485283798319257,"xl_vs_amb","g40330"
"321",228.197503265142,0.978959932043683,0.241347740844269,4.05622165187518,4.98729334431164e-05,0.00584349180504179,"xl_vs_amb","g64610"
"322",2150.84103420707,0.467743786935625,0.137686110703611,3.3971748097563,0.000680854576190349,0.0401111320967421,"xl_vs_amb","g67738"
"323",3217.59576416379,0.477942369012567,0.130189846347001,3.67111861964015,0.00024149122269784,0.0194053464124207,"xl_vs_amb","g55712"
"324",1173.59371427648,0.690463190989793,0.161981292732804,4.26261069621628,2.02052350719204e-05,0.00294280829974574,"xl_vs_amb","g22568"
"325",146.546230966812,0.929580472281662,0.257636711198451,3.60810564595986,0.000308440898563899,0.0231033248770737,"xl_vs_amb","g43191"
"326",1050.33571837249,0.662706133241697,0.191553574414634,3.45963856465144,0.000540900896171577,0.0339650134593009,"xl_vs_amb","g67248"
"327",9588.28146730883,0.588339121794711,0.15158305503365,3.88129874849208,0.000103900112622586,0.0103376059530451,"xl_vs_amb","adi2mcaRNA823_R0"
"328",3570.64738093553,0.871361453932821,0.168708389773118,5.16489698647853,2.40571376508389e-07,7.88359918673507e-05,"xl_vs_amb","g53997"
"329",1651.07208489959,0.691592294744471,0.152089401472186,4.54727474794454,5.43450341466881e-06,0.00111742980505734,"xl_vs_amb","g42250"
"330",707.606777385329,0.715169746657824,0.147381810448077,4.85249668519833,1.21916822380983e-06,0.000332072924129397,"xl_vs_amb","g40720"
"331",73.7488210704002,-0.902707524858661,0.263623075326698,-3.42423562026947,0.000616531408868202,0.0375887012738163,"xl_vs_amb","adi2mcaRNA1763_R2"
"332",71.514445442172,-1.22503988871062,0.324042960978715,-3.78048603497079,0.000156522499220372,0.0138512505322736,"xl_vs_amb","g43030"
"333",868.421207692343,0.409281573115825,0.123344643534399,3.31819494862524,0.000906012259610514,0.0490554396970122,"xl_vs_amb","g64811"
"334",500.084360173744,-0.827580985926323,0.158440744235226,-5.223283883959,1.75777590722005e-07,6.46769019335547e-05,"xl_vs_amb","g21484"
"335",498.367114173194,-0.647471820992498,0.189586486414282,-3.41517917884533,0.00063740067148895,0.038525084389446,"xl_vs_amb","g21481"
"336",68.6939406798696,1.10001337943153,0.330966787624546,3.32363675318203,0.00088851846924424,0.0485283798319257,"xl_vs_amb","g7400"
"337",6535.18645616465,-0.387386746622381,0.111845383606488,-3.46359173826384,0.000533014809295823,0.0336714445643413,"xl_vs_amb","g60906"
"338",779.819554360665,0.76669148565313,0.18219204953935,4.20815006797287,2.57469862367927e-05,0.00357610292943214,"xl_vs_amb","adi2mcaRNA23476_R1"
"339",12782.4523613574,0.451143592732362,0.130142051622799,3.46654741574191,0.000527188741847284,0.0336070804947206,"xl_vs_amb","g37372"
"340",541.502162212139,0.647116279136012,0.150342190404968,4.30428928428483,1.6752265024397e-05,0.00252766370040775,"xl_vs_amb","g51658"
"341",199.41196336175,1.01921799988004,0.261587798700288,3.89627499808506,9.76834710849365e-05,0.00984959345704026,"xl_vs_amb","g20927"
"342",110.656027124967,1.02670048706966,0.226818975355696,4.52651937722406,5.99631034382845e-06,0.00119772016039156,"xl_vs_amb","adi2mcaRNA6492_R0"
"343",513.089015267575,1.02850667116031,0.177857600325094,5.7827535583544,7.34876821687652e-09,3.95194143109106e-06,"xl_vs_amb","g30315"
"344",8043.88026574789,-0.708450633073407,0.117043010348971,-6.05290850740354,1.42253671046506e-09,1.02878835960634e-06,"xl_vs_amb","g37578"
"345",15556.202471915,0.418428147594801,0.111597381975928,3.74944411944231,0.00017722698140901,0.0154874228378798,"xl_vs_amb","g59987"
"346",138.309355046945,0.859025581963086,0.237785611685572,3.61260538799543,0.000303135840752111,0.0227873404591183,"xl_vs_amb","g20220"
"347",545.707511542416,-0.703158156995865,0.15628016762749,-4.49934350385339,6.81636380693328e-06,0.00133578727269524,"xl_vs_amb","g3531"
"348",587.239744063532,0.745909180355252,0.138820301791719,5.37319953009744,7.73516519983857e-08,3.1809729360042e-05,"xl_vs_amb","g10421"
"349",390.579778901291,0.730035424765573,0.199797701149989,3.6538729953531,0.000258314078573947,0.0203161171587442,"xl_vs_amb","adi2mcaRNA5415_R0"
"350",408.951810778266,0.71396529723673,0.161372592951385,4.42432809796778,9.67428998856846e-06,0.00173417849513031,"xl_vs_amb","g25687"
"351",252.59446416422,-1.23061082512428,0.306084601717827,-4.02049243319584,5.80766148362475e-05,0.00654916127075413,"xl_vs_amb","g50883"
"352",319.91808951306,0.779365905698893,0.164957949545665,4.72463381028594,2.30530381151873e-06,0.000582519720951595,"xl_vs_amb","g32280"
"353",912.86931184258,-0.952240652486369,0.246947201662532,-3.85604957689564,0.000115234127224056,0.0110862630746336,"xl_vs_amb","g40432"
"354",389.735673051166,0.747659251785945,0.169533090396691,4.41010808000076,1.03319039226462e-05,0.00180575850808048,"xl_vs_amb","g6751"
"355",112.925342466344,-1.11959694406097,0.24361542041649,-4.59575564694091,4.31183769192862e-06,0.000952192830006839,"xl_vs_amb","adi2mcaRNA38533_R3"
"356",124.489521442941,-1.17741107086481,0.235466662950713,-5.00033022131569,5.72322060986773e-07,0.00017147586550108,"xl_vs_amb","adi2mcaRNA38533_R0"
"357",901.424651639904,0.822901472170656,0.168802021723508,4.87495033393938,1.08835833791754e-06,0.000301243759439928,"xl_vs_amb","adi2mcaRNA23476_R0"
"358",152.281954413111,0.905967713616464,0.248522714875819,3.64541210677325,0.0002669636476277,0.0208142326457091,"xl_vs_amb","g33875"
"359",1975.83595719264,-0.367255571936589,0.107856370362991,-3.40504293534622,0.000661536518968521,0.0393042646241552,"xl_vs_amb","g37232"
"360",108.915846526636,0.909470058744325,0.247482509405325,3.674886200765,0.000237955452528019,0.0192688791732438,"xl_vs_amb","g59869"
"361",232.077431660723,0.712484418942044,0.187638469807395,3.79711271187293,0.000146391237614728,0.0131770962510459,"xl_vs_amb","adi2mcaRNA20725_R0"
"362",303.368003065168,0.959302587505861,0.224992280045378,4.2637133474641,2.01057346018667e-05,0.00294280829974574,"xl_vs_amb","g37957"
"363",316.534004273486,1.15104009223933,0.251998649330571,4.5676438953028,4.93237063030818e-06,0.00103446609229453,"xl_vs_amb","g33249"
"364",1603.18202889107,0.851002683040776,0.177881611038635,4.78409588305305,1.7175868419196e-06,0.000444727763402219,"xl_vs_amb","g23935"
"365",304.014465524716,1.07657424250894,0.208240973655974,5.16984829454124,2.34284104631838e-07,7.88359918673507e-05,"xl_vs_amb","g18277"
"366",6132.63424266366,0.494125725706642,0.131382111515797,3.7609817653694,0.00016924776892766,0.0149144262929404,"xl_vs_amb","adi2mcaRNA30007_R2"
"367",584.190507767809,-0.681698729282461,0.176537416012594,-3.86149715272727,0.000112694325874477,0.0108918806293337,"xl_vs_amb","g61766"
"368",143.594115219533,-1.35358451948009,0.360811440973198,-3.75150110492378,0.000175778978395606,0.0154251569618872,"xl_vs_amb","adi2mcaRNA17299_R4"
"369",49.8383214318702,1.75755980293988,0.432678919745768,4.06204167277802,4.86453903377881e-05,0.00576406650595723,"xl_vs_amb","g61402"
"370",1038.23906593053,-0.465974039324224,0.122997777185013,-3.78847528783635,0.00015157466640742,0.0135275552279269,"xl_vs_amb","g32947"
"371",290.327766666642,0.904721603344365,0.167840187854588,5.39037530229762,7.03106900178991e-08,2.94925220349079e-05,"xl_vs_amb","adi2mcaRNA7970_R1"
"372",156.433323279247,0.98492383217291,0.259077575291648,3.8016560524938,0.000143732165584745,0.0131637323528771,"xl_vs_amb","g8563"
"373",6005.52255645924,0.427870113962235,0.125485238326288,3.40972467892744,0.000650284900158552,0.0390785822665482,"xl_vs_amb","g4900"
"374",232.285333057636,0.748654988927268,0.21983837028356,3.40547916162957,0.000660480539825233,0.0393042646241552,"xl_vs_amb","g14823"
"375",744.903516938073,0.698793092820485,0.118959425800905,5.87421373393319,4.24854942195997e-09,2.49793352288011e-06,"xl_vs_amb","adi2mcaRNA29018_R0"
"376",615.315756218329,0.916233279193932,0.154490003857938,5.9306962024317,3.01652885986367e-09,1.96742941286744e-06,"xl_vs_amb","g67837"
"377",491.245548955257,0.731412232531049,0.167733250763257,4.36056792080768,1.29725305750973e-05,0.00214230617127177,"xl_vs_amb","adi2mcaRNA31559_R1"
"378",3278.71195005639,-0.572901576011711,0.144458088402163,-3.96586707153971,7.31296122524517e-05,0.00771139961839342,"xl_vs_amb","adi2mcaRNA37907_R0"
"379",5203.1638083342,0.440625396381838,0.110056400669252,4.00363262565739,6.23772055449917e-05,0.00681373506195371,"xl_vs_amb","g65046"
"380",88.045710285931,1.1517927176651,0.279614778892311,4.11921259036416,3.8016928338858e-05,0.00489158919049613,"xl_vs_amb","g33320"
"381",7286.41928484396,0.497913765680877,0.123886499487999,4.01911239512512,5.84178001494184e-05,0.00654916127075413,"xl_vs_amb","adi2mcaRNA17549_R0"
"382",243.541725747001,0.940270339567428,0.266686154757115,3.52575610992547,0.000422275655613142,0.0289424422391321,"xl_vs_amb","g13999"
"383",12531.4697219143,0.514795863234022,0.131785825528906,3.90630677592185,9.37175184055337e-05,0.00949535030685632,"xl_vs_amb","g39033"
"384",679.432057603865,1.13430377561237,0.182411624517468,6.21837439698778,5.02331814441257e-10,3.90200190528759e-07,"xl_vs_amb","g48120"
"385",102.026014459234,-1.28299684198597,0.35094116435124,-3.65587446647291,0.000256306764664931,0.0202849878313872,"xl_vs_amb","g6763"
"386",884.139854031235,0.540995271961285,0.134686442141612,4.01670178051381,5.90183321495509e-05,0.00654916127075413,"xl_vs_amb","g38387"
"387",342.472817746523,-0.881932697130057,0.204654645272988,-4.3093705298194,1.63719870201097e-05,0.00250634805673548,"xl_vs_amb","g33828"
"388",544.941240550263,-0.595957359649307,0.172819285686998,-3.44844244252158,0.000563829623549619,0.0346780020372615,"xl_vs_amb","g64484"
"389",87.6768255765435,1.31925529161535,0.288419186395085,4.57408991442127,4.78294418550124e-06,0.00102626050694352,"xl_vs_amb","g17877"
"390",49.7341894134838,1.41428384155534,0.386410011806417,3.66006003556621,0.000252156162441835,0.0200320878594417,"xl_vs_amb","g17879"
"391",123.286114584895,-0.963865253945015,0.282220932385394,-3.41528619368597,0.000637150280336948,0.038525084389446,"xl_vs_amb","g57542"
