"experiment","percentDEInCat","term","genes"
"down",1.45161290322581,"transmembrane transport","adi2mcaRNA12344_R0, adi2mcaRNA12524_R0, adi2mcaRNA1314_R0, adi2mcaRNA13692_R0, adi2mcaRNA13854_R2, adi2mcaRNA15205_R0, adi2mcaRNA15625_R0, adi2mcaRNA15660_R2, adi2mcaRNA15745_R0, adi2mcaRNA15941_R0, adi2mcaRNA16743_R1, adi2mcaRNA16743_R2, adi2mcaRNA16743_R4, adi2mcaRNA16743_R8, adi2mcaRNA17343_R0, adi2mcaRNA17502_R0, adi2mcaRNA17583_R0, adi2mcaRNA17809_R0, adi2mcaRNA17809_R4, adi2mcaRNA17810_R6, adi2mcaRNA17810_R8, adi2mcaRNA19002_R0, adi2mcaRNA1913_R0, adi2mcaRNA1913_R1, adi2mcaRNA19905_R1, adi2mcaRNA19905_R2, adi2mcaRNA20042_R1, adi2mcaRNA20119_R1, adi2mcaRNA24607_R0, adi2mcaRNA25351_R0, adi2mcaRNA25385_R0, adi2mcaRNA25388_R0, adi2mcaRNA25667_R0, adi2mcaRNA25980_R3, adi2mcaRNA25982_R9, adi2mcaRNA26002_R0, adi2mcaRNA26004_R0, adi2mcaRNA2707_R0, adi2mcaRNA27105_R0, adi2mcaRNA27218_R0, adi2mcaRNA27265_R0, adi2mcaRNA27318_R0, adi2mcaRNA27496_R0, adi2mcaRNA28124_R0, adi2mcaRNA29105_R2, adi2mcaRNA29105_R4, adi2mcaRNA29105_R6, adi2mcaRNA30269_R0, adi2mcaRNA305_R0, adi2mcaRNA31_R0, adi2mcaRNA3204_R0, adi2mcaRNA3204_R1, adi2mcaRNA32214_R0, adi2mcaRNA32214_R1, adi2mcaRNA32616_R1, adi2mcaRNA32618_R1, adi2mcaRNA3367_R8, adi2mcaRNA3408_R0, adi2mcaRNA3408_R1, adi2mcaRNA34612_R1, adi2mcaRNA35252_R0, adi2mcaRNA35621_R0, adi2mcaRNA3572_R1, adi2mcaRNA3572_R2, adi2mcaRNA36181_R0, adi2mcaRNA36181_R4, adi2mcaRNA36181_R9, adi2mcaRNA36820_R1, adi2mcaRNA36826_R0, adi2mcaRNA36911_R0, adi2mcaRNA36994_R0, adi2mcaRNA37443_R0, adi2mcaRNA38316_R0, adi2mcaRNA38317_R0, adi2mcaRNA38530_R2, adi2mcaRNA38530_R3, adi2mcaRNA38633_R0, adi2mcaRNA38837_R7, adi2mcaRNA4024_R0, adi2mcaRNA40497_R0, adi2mcaRNA40497_R1, adi2mcaRNA432_R0, adi2mcaRNA4881_R0, adi2mcaRNA4881_R1, adi2mcaRNA5056_R6, adi2mcaRNA5058_R4, adi2mcaRNA5755_R0, adi2mcaRNA5755_R1, adi2mcaRNA5755_R3, adi2mcaRNA5755_R5, adi2mcaRNA5856_R0, adi2mcaRNA6066_R1, adi2mcaRNA6144_R4, adi2mcaRNA7057_R0, adi2mcaRNA7057_R1, adi2mcaRNA7057_R2, adi2mcaRNA7058_R0, adi2mcaRNA7058_R1, adi2mcaRNA7058_R2, adi2mcaRNA7512_R0, adi2mcaRNA7512_R8, adi2mcaRNA752_R0, adi2mcaRNA7603_R1, adi2mcaRNA7611_R0, adi2mcaRNA7611_R1, adi2mcaRNA7611_R3, adi2mcaRNA7611_R5, adi2mcaRNA7643_R0, adi2mcaRNA7643_R1, adi2mcaRNA7643_R2, adi2mcaRNA7643_R3, adi2mcaRNA7759_R0, adi2mcaRNA7759_R1, adi2mcaRNA8128_R3, adi2mcaRNA8204_R0, adi2mcaRNA8363_R0, adi2mcaRNA8499_R0, adi2mcaRNA9024_R1, adi2mcaRNA9026_R0, adi2mcaRNA9723_R0, g10217, g10249, g10409, g10623, g11245, g11764, g11771, g11835, g11836, g11937, g12154, g12157, g12260, g12262, g12343, g12531, g12668, g12672, g13081, g13127, g13696, g1396, g1397, g1398, g14037, g14039, g14826, g14908, g14924, g14925, g14986, g14988, g14989, g1502, g15040, g15059, g15173, g15180, g15614, g15631, g15719, g15720, g15725, g15804, g1587, g15914, g15915, g16255, g16352, g16354, g1643, g16640, g16845, g16897, g16903, g17138, g17159, g17408, g17430, g17867, g18163, g18222, g1828, g1844, g18727, g1873, g1874, g19086, g19242, g19300, g19301, g19563, g19627, g19628, g19652, g20146, g20214, g20260, g20348, g20349, g20531, g20567, g20872, g20873, g21133, g21363, g21365, g21446, g2151, g22427, g22433, g22496, g22518, g22535, g22626, g23006, g23138, g23875, g23891, g23904, g23905, g23907, g23912, g24037, g24289, g24977, g24998, g25187, g25247, g25281, g25282, g25283, g25285, g25289, g25292, g25293, g25294, g25295, g25296, g25297, g25306, g25309, g25310, g25315, g25316, g25317, g25318, g25419, g26012, g26327, g26347, g2645, g26553, g26585, g27089, g27233, g27234, g27288, g27493, g27604, g27635, g27641, g277, g27862, g2795, g27999, g28080, g28251, g28319, g28320, g28322, g2849, g2850, g28844, g28853, g29113, g29132, g29920, g2998, g30052, g30119, g3048, g30590, g30685, g30961, g31186, g31293, g31473, g31764, g31905, g32026, g32145, g32480, g32788, g33144, g3319, g33229, g33303, g33391, g33604, g33794, g34408, g34418, g34577, g34620, g34911, g34950, g34953, g34991, g35042, g35149, g35163, g35279, g35939, g35980, g3599, g36015, g36303, g36428, g365, g366, g367, g36745, g36746, g368, g37103, g37205, g37314, g37363, g37378, g37380, g37385, g37387, g37389, g37390, g374, g37427, g37597, g37599, g380, g38000, g38024, g38269, g38275, g38587, g39022, g39407, g39408, g39421, g39429, g39430, g39431, g40074, g40149, g40294, g40297, g40298, g40300, g40416, g40417, g4083, g4112, g4114, g41650, g41652, g41653, g41654, g41793, g41962, g41973, g41999, g4222, g42317, g42446, g43023, g43094, g43510, g43511, g43513, g44011, g44178, g44182, g44402, g44800, g45161, g45221, g45518, g45545, g45546, g45548, g45551, g45581, g45818, g45865, g45967, g46060, g46635, g46845, g46939, g46942, g46944, g4696, g46961, g47044, g47045, g47046, g47047, g47048, g47061, g47419, g47493, g47494, g47527, g47608, g47754, g47755, g48486, g48584, g48585, g48640, g48641, g48642, g49077, g49526, g49527, g49659, g49870, g49939, g49942, g49944, g49951, g50190, g50869, g50900, g50901, g50918, g51414, g51591, g51639, g5169, g51704, g52025, g52658, g52671, g52735, g53150, g53162, g53428, g53451, g53452, g53453, g53454, g53469, g53730, g54052, g54201, g54228, g54295, g54396, g54397, g54585, g54588, g54593, g54956, g55064, g55076, g55099, g55428, g55544, g55545, g55547, g55548, g55549, g55556, g55557, g55558, g55559, g55597, g5575, g55757, g55790, g55791, g55792, g55793, g5615, g56240, g56258, g56391, g56755, g56765, g56880, g56881, g56882, g56962, g57107, g5721, g57214, g57299, g57303, g57607, g57654, g58048, g58093, g58269, g58271, g58513, g58553, g58554, g58625, g58627, g5864, g58752, g59131, g59133, g59134, g59135, g59140, g59978, g59981, g60147, g60312, g60413, g60469, g60696, g6085, g6086, g6087, g60899, g61004, g61640, g61660, g61746, g6198, g62179, g62444, g62772, g62838, g62861, g62867, g62967, g63025, g63482, g63483, g63599, g63631, g63633, g63690, g63707, g63833, g64218, g64233, g64351, g64352, g64405, g64424, g64426, g64469, g64510, g64810, g65444, g65546, g66103, g66199, g66392, g66405, g66644, g6675, g66920, g67219, g67447, g67662, g67685, g67692, g6774, g67982, g67983, g67986, g67989, g68005, g6804, g6808, g6813, g68180, g68181, g6857, g68774, g68775, g68935, g69492, g69520, g69574, g69580, g70014, g70041, g70042, g70550, g70587, g70635, g70696, g7104, g71156, g71184, g71185, g71199, g71335, g71498, g71513, g7187, g7331, g7523, g7790, g7799, g8816, g9235, g9314, g9315, g9340, g9398, g9399, g9896"
"down",1.52143845089903,"proteolysis","adi2mcaRNA10829_R2, adi2mcaRNA116_R0, adi2mcaRNA11810_R3, adi2mcaRNA11812_R1, adi2mcaRNA11812_R2, adi2mcaRNA12348_R0, adi2mcaRNA13045_R0, adi2mcaRNA13482_R1, adi2mcaRNA13482_R8, adi2mcaRNA13482_R9, adi2mcaRNA13512_R0, adi2mcaRNA13777_R2, adi2mcaRNA13777_R3, adi2mcaRNA1380_R0, adi2mcaRNA14314_R1, adi2mcaRNA14314_R9, adi2mcaRNA14621_R1, adi2mcaRNA14621_R2, adi2mcaRNA14919_R0, adi2mcaRNA15014_R4, adi2mcaRNA15014_R6, adi2mcaRNA15014_R9, adi2mcaRNA15282_R0, adi2mcaRNA1560_R7, adi2mcaRNA1560_R9, adi2mcaRNA16122_R0, adi2mcaRNA16122_R3, adi2mcaRNA16125_R0, adi2mcaRNA16184_R0, adi2mcaRNA16583_R0, adi2mcaRNA16583_R1, adi2mcaRNA17264_R0, adi2mcaRNA17264_R1, adi2mcaRNA17264_R4, adi2mcaRNA17575_R0, adi2mcaRNA19566_R3, adi2mcaRNA1977_R9, adi2mcaRNA20797_R1, adi2mcaRNA21068_R1, adi2mcaRNA21068_R3, adi2mcaRNA21074_R1, adi2mcaRNA21269_R0, adi2mcaRNA21646_R2, adi2mcaRNA22449_R1, adi2mcaRNA22449_R2, adi2mcaRNA22449_R3, adi2mcaRNA22449_R4, adi2mcaRNA22449_R5, adi2mcaRNA22449_R8, adi2mcaRNA22536_R0, adi2mcaRNA22933_R0, adi2mcaRNA22933_R2, adi2mcaRNA23081_R1, adi2mcaRNA23564_R8, adi2mcaRNA23565_R0, adi2mcaRNA23571_R0, adi2mcaRNA23846_R0, adi2mcaRNA24060_R1, adi2mcaRNA24800_R0, adi2mcaRNA24804_R2, adi2mcaRNA24815_R0, adi2mcaRNA25034_R1, adi2mcaRNA25573_R1, adi2mcaRNA25603_R5, adi2mcaRNA25603_R6, adi2mcaRNA25603_R9, adi2mcaRNA26165_R0, adi2mcaRNA26194_R8, adi2mcaRNA2676_R1, adi2mcaRNA26917_R0, adi2mcaRNA27258_R0, adi2mcaRNA27264_R1, adi2mcaRNA27321_R0, adi2mcaRNA27321_R1, adi2mcaRNA27568_R0, adi2mcaRNA27776_R0, adi2mcaRNA27776_R3, adi2mcaRNA28016_R8, adi2mcaRNA28217_R0, adi2mcaRNA29151_R0, adi2mcaRNA29151_R1, adi2mcaRNA29409_R0, adi2mcaRNA29437_R0, adi2mcaRNA29812_R5, adi2mcaRNA30276_R0, adi2mcaRNA31015_R0, adi2mcaRNA31020_R2, adi2mcaRNA31500_R2, adi2mcaRNA31501_R0, adi2mcaRNA3178_R0, adi2mcaRNA32096_R0, adi2mcaRNA32096_R1, adi2mcaRNA33119_R0, adi2mcaRNA33335_R3, adi2mcaRNA33335_R5, adi2mcaRNA33335_R6, adi2mcaRNA33335_R9, adi2mcaRNA3386_R0, adi2mcaRNA34159_R0, adi2mcaRNA34159_R1, adi2mcaRNA34499_R1, adi2mcaRNA34775_R1, adi2mcaRNA35205_R9, adi2mcaRNA35430_R2, adi2mcaRNA36021_R0, adi2mcaRNA36021_R2, adi2mcaRNA36201_R4, adi2mcaRNA36802_R0, adi2mcaRNA36874_R1, adi2mcaRNA36878_R3, adi2mcaRNA3692_R0, adi2mcaRNA37261_R0, adi2mcaRNA37261_R1, adi2mcaRNA37261_R2, adi2mcaRNA37261_R4, adi2mcaRNA37261_R6, adi2mcaRNA37261_R9, adi2mcaRNA37618_R0, adi2mcaRNA37731_R1, adi2mcaRNA3780_R1, adi2mcaRNA3824_R0, adi2mcaRNA38266_R0, adi2mcaRNA38903_R0, adi2mcaRNA38904_R0, adi2mcaRNA39280_R1, adi2mcaRNA39280_R3, adi2mcaRNA39280_R4, adi2mcaRNA39280_R7, adi2mcaRNA3939_R0, adi2mcaRNA3939_R1, adi2mcaRNA3939_R2, adi2mcaRNA39617_R4, adi2mcaRNA41056_R2, adi2mcaRNA41162_R2, adi2mcaRNA41162_R3, adi2mcaRNA41162_R4, adi2mcaRNA4597_R0, adi2mcaRNA4861_R0, adi2mcaRNA4861_R1, adi2mcaRNA4861_R2, adi2mcaRNA4862_R1, adi2mcaRNA5004_R0, adi2mcaRNA5269_R1, adi2mcaRNA5277_R0, adi2mcaRNA5279_R4, adi2mcaRNA5280_R0, adi2mcaRNA5281_R6, adi2mcaRNA5281_R8, adi2mcaRNA5281_R9, adi2mcaRNA5396_R7, adi2mcaRNA5406_R0, adi2mcaRNA5406_R1, adi2mcaRNA5406_R2, adi2mcaRNA5406_R3, adi2mcaRNA5543_R0, adi2mcaRNA5543_R1, adi2mcaRNA5631_R1, adi2mcaRNA7579_R0, adi2mcaRNA7579_R1, adi2mcaRNA7579_R2, adi2mcaRNA7579_R4, adi2mcaRNA7579_R5, adi2mcaRNA7579_R6, adi2mcaRNA7579_R7, adi2mcaRNA7579_R9, adi2mcaRNA7766_R1, adi2mcaRNA7766_R3, adi2mcaRNA7766_R4, adi2mcaRNA799_R0, adi2mcaRNA809_R0, adi2mcaRNA8124_R0, adi2mcaRNA8124_R1, adi2mcaRNA9639_R4, g10061, g10081, g10398, g10649, g11005, g11077, g11155, g11198, g11207, g11264, g11857, g1188, g11916, g11998, g12105, g12275, g12278, g124, g12481, g12635, g12722, g12768, g13295, g13679, g13885, g13998, g13999, g14002, g141, g14164, g14183, g14288, g14399, g14597, g14672, g14699, g14874, g1504, g15060, g15063, g15171, g15237, g15293, g15384, g15486, g15648, g15963, g15965, g16125, g16207, g16588, g16639, g16878, g17210, g1765, g17835, g17875, g17941, g18102, g18219, g18299, g1830, g18680, g19154, g1950, g19643, g20003, g20114, g20191, g20454, g20515, g20531, g20848, g20909, g20967, g21183, g2122, g21269, g21270, g21721, g21783, g21900, g21901, g21999, g22165, g22271, g22404, g22585, g22689, g22763, g2277, g22773, g22887, g231, g23155, g23250, g23722, g23728, g23902, g23995, g24, g24201, g24264, g24301, g24487, g24515, g24663, g24790, g25120, g25150, g25153, g25225, g25257, g25398, g25467, g25519, g25564, g25641, g25879, g26283, g26291, g26318, g26366, g26367, g26386, g26538, g2675, g26816, g26885, g26956, g27023, g27056, g2726, g27308, g27501, g27536, g27957, g28039, g28077, g28105, g28195, g28198, g28206, g28269, g28308, g28353, g28354, g28459, g28515, g28560, g28608, g29194, g29285, g29471, g29512, g29696, g29701, g29709, g29747, g29875, g29926, g2997, g30158, g30162, g31018, g31180, g31497, g31911, g32041, g32085, g32151, g32152, g32281, g32312, g32315, g32336, g32348, g32350, g3261, g32655, g32791, g32813, g33253, g33394, g33396, g33409, g33574, g3368, g33838, g33870, g33876, g33928, g3397, g34077, g3408, g34498, g34499, g34547, g34549, g34699, g34721, g348, g34877, g35026, g35069, g35126, g35227, g35442, g35554, g35555, g35556, g35557, g3564, g35662, g35936, g36300, g36310, g36363, g36463, g36472, g36870, g36891, g37116, g37178, g37312, g37411, g37837, g37882, g37913, g38106, g38109, g38133, g38217, g38332, g38597, g3894, g38985, g39178, g39268, g39275, g39317, g39366, g39424, g39996, g40301, g40801, g40802, g40915, g40955, g40985, g41050, g41235, g41342, g41757, g41768, g41799, g4188, g41903, g4214, g42239, g42293, g42294, g42307, g42340, g42369, g4238, g42396, g4260, g42766, g42799, g42900, g43039, g43048, g43101, g43105, g43191, g43232, g43233, g43276, g43587, g43709, g43710, g44012, g4411, g44121, g44427, g44454, g44514, g4459, g44638, g44679, g44747, g44843, g44844, g44846, g44848, g44895, g44985, g45044, g4520, g45211, g45283, g45429, g45703, g46005, g46006, g46131, g46219, g46222, g46223, g46224, g46280, g46328, g46753, g47100, g47229, g47240, g47428, g47768, g47812, g48021, g48026, g48033, g48034, g48045, g48056, g48077, g48102, g48253, g48282, g48333, g48335, g48449, g48469, g48685, g49036, g49380, g49543, g49670, g49701, g49850, g49912, g49915, g49933, g49947, g49991, g50080, g50220, g50252, g5042, g5043, g50694, g50714, g50788, g50929, g51163, g51260, g51620, g5196, g52279, g52422, g52435, g52760, g52778, g5280, g5281, g5282, g5283, g52877, g53255, g53304, g53584, g53595, g53708, g53758, g5414, g54177, g54178, g54184, g54208, g54386, g54428, g54443, g54552, g5463, g54700, g54704, g54755, g54963, g54965, g54974, g55132, g55627, g5584, g55959, g56068, g56076, g562, g56323, g56341, g56825, g56853, g57200, g57241, g57301, g57446, g57507, g5752, g57591, g57727, g57741, g57804, g57993, g58205, g5825, g58644, g58797, g58850, g58961, g58962, g59094, g59096, g59104, g59323, g59437, g59484, g59630, g59655, g5991, g60060, g60088, g60097, g60149, g60402, g6045, g60537, g60564, g60565, g60662, g60742, g60992, g60993, g60994, g60996, g60997, g61030, g61325, g61460, g61622, g6175, g61882, g61901, g62079, g62134, g62193, g62204, g62259, g62398, g62460, g6259, g62839, g63716, g63760, g63789, g63846, g64276, g64528, g64621, g64625, g64911, g6501, g65327, g65621, g65936, g65975, g66033, g66092, g66098, g66208, g66258, g66507, g66707, g67338, g67369, g67370, g67410, g67650, g67767, g67796, g678, g67863, g68019, g68693, g68723, g68934, g69008, g69460, g69577, g69579, g69834, g69949, g69950, g7004, g7015, g70153, g70161, g70306, g70326, g70751, g70846, g70934, g70944, g70986, g71079, g71153, g71159, g71233, g7155, g71557, g71589, g7176, g7189, g727, g7510, g7530, g7537, g7607, g7632, g7641, g7642, g7750, g7970, g808, g8131, g8134, g8513, g8847, g9020, g9045, g908, g9099, g9127, g9201, g9252, g9275, g9410, g9522, g9793, g9869, g9905"
"down",5.26315789473684,"ATP synthesis coupled proton transport","adi2mcaRNA10809_R0, g10904, g15708, g22334, g25233, g35150, g39565, g41979, g44175, g46069, g47600, g56942, g57630, g60387, g60886, g6205, g66386, g68202, g9942"
"down",5.26315789473684,"immune response","adi2mcaRNA10437_R0, adi2mcaRNA36649_R0, g14630, g26013, g27096, g27111, g2819, g35374, g35375, g35383, g49470, g58589, g58590, g5891, g6078, g66193, g66194, g7093, g7400"
"down",11.1111111111111,"xenobiotic transport","adi2mcaRNA13854_R2, adi2mcaRNA17809_R0, adi2mcaRNA17809_R4, adi2mcaRNA17810_R6, adi2mcaRNA17810_R8, g10217, g11764, g11771, g12672, g15631, g15914, g15915, g16354, g19627, g20872, g21365, g41962, g54773"
"down",20,"nitrogen compound transport","adi2mcaRNA30656_R7, g11911, g11912, g15513, g25145, g2521, g364, g36951, g59489, g59631"
"up",1.26874279123414,"oxidation-reduction process","adi2mcaRNA10043_R1, adi2mcaRNA10795_R0, adi2mcaRNA10795_R1, adi2mcaRNA10825_R8, adi2mcaRNA1132_R1, adi2mcaRNA11437_R1, adi2mcaRNA11440_R1, adi2mcaRNA11479_R0, adi2mcaRNA11698_R0, adi2mcaRNA12101_R1, adi2mcaRNA12103_R0, adi2mcaRNA12110_R2, adi2mcaRNA12110_R3, adi2mcaRNA12110_R6, adi2mcaRNA12212_R1, adi2mcaRNA12754_R0, adi2mcaRNA12830_R0, adi2mcaRNA12987_R1, adi2mcaRNA13053_R1, adi2mcaRNA13455_R0, adi2mcaRNA13461_R6, adi2mcaRNA13461_R9, adi2mcaRNA15962_R0, adi2mcaRNA15974_R0, adi2mcaRNA16246_R0, adi2mcaRNA16564_R7, adi2mcaRNA17116_R1, adi2mcaRNA17829_R0, adi2mcaRNA1815_R0, adi2mcaRNA18494_R0, adi2mcaRNA18655_R0, adi2mcaRNA19014_R0, adi2mcaRNA19014_R1, adi2mcaRNA19015_R0, adi2mcaRNA19015_R2, adi2mcaRNA19245_R3, adi2mcaRNA19481_R1, adi2mcaRNA2015_R0, adi2mcaRNA2015_R1, adi2mcaRNA20190_R3, adi2mcaRNA20190_R4, adi2mcaRNA20190_R8, adi2mcaRNA20490_R0, adi2mcaRNA21088_R0, adi2mcaRNA21262_R2, adi2mcaRNA21707_R2, adi2mcaRNA21720_R2, adi2mcaRNA21720_R3, adi2mcaRNA21721_R0, adi2mcaRNA21721_R1, adi2mcaRNA21721_R6, adi2mcaRNA22748_R7, adi2mcaRNA22803_R1, adi2mcaRNA22803_R4, adi2mcaRNA22839_R1, adi2mcaRNA23205_R2, adi2mcaRNA23205_R9, adi2mcaRNA23299_R3, adi2mcaRNA23299_R6, adi2mcaRNA23299_R8, adi2mcaRNA23299_R9, adi2mcaRNA23963_R0, adi2mcaRNA241_R0, adi2mcaRNA24278_R1, adi2mcaRNA24510_R0, adi2mcaRNA24840_R0, adi2mcaRNA24935_R0, adi2mcaRNA25353_R0, adi2mcaRNA25673_R0, adi2mcaRNA25673_R2, adi2mcaRNA25673_R4, adi2mcaRNA25897_R3, adi2mcaRNA26279_R0, adi2mcaRNA26443_R0, adi2mcaRNA26443_R3, adi2mcaRNA26503_R2, adi2mcaRNA27327_R0, adi2mcaRNA27327_R1, adi2mcaRNA27868_R5, adi2mcaRNA28341_R0, adi2mcaRNA28341_R1, adi2mcaRNA28526_R1, adi2mcaRNA28526_R5, adi2mcaRNA28526_R8, adi2mcaRNA28910_R1, adi2mcaRNA29962_R0, adi2mcaRNA30381_R1, adi2mcaRNA30386_R1, adi2mcaRNA31557_R0, adi2mcaRNA31557_R2, adi2mcaRNA31557_R3, adi2mcaRNA32571_R0, adi2mcaRNA32854_R0, adi2mcaRNA33647_R2, adi2mcaRNA33647_R3, adi2mcaRNA33647_R5, adi2mcaRNA33647_R6, adi2mcaRNA33649_R0, adi2mcaRNA33649_R1, adi2mcaRNA3377_R0, adi2mcaRNA3395_R0, adi2mcaRNA34714_R0, adi2mcaRNA34714_R3, adi2mcaRNA34714_R6, adi2mcaRNA34714_R7, adi2mcaRNA34714_R8, adi2mcaRNA35319_R0, adi2mcaRNA35800_R4, adi2mcaRNA35800_R9, adi2mcaRNA35912_R3, adi2mcaRNA3629_R0, adi2mcaRNA36505_R0, adi2mcaRNA36593_R0, adi2mcaRNA36593_R1, adi2mcaRNA36616_R0, adi2mcaRNA36616_R1, adi2mcaRNA36718_R0, adi2mcaRNA36784_R0, adi2mcaRNA36844_R0, adi2mcaRNA36844_R1, adi2mcaRNA36848_R1, adi2mcaRNA368_R0, adi2mcaRNA368_R1, adi2mcaRNA37040_R1, adi2mcaRNA37490_R0, adi2mcaRNA37610_R0, adi2mcaRNA37957_R5, adi2mcaRNA38238_R2, adi2mcaRNA38239_R0, adi2mcaRNA38239_R1, adi2mcaRNA38367_R2, adi2mcaRNA38390_R0, adi2mcaRNA39402_R2, adi2mcaRNA3941_R9, adi2mcaRNA39462_R1, adi2mcaRNA41598_R3, adi2mcaRNA4389_R4, adi2mcaRNA4535_R0, adi2mcaRNA4727_R0, adi2mcaRNA4727_R1, adi2mcaRNA4931_R0, adi2mcaRNA5722_R1, adi2mcaRNA5847_R0, adi2mcaRNA5851_R2, adi2mcaRNA5851_R6, adi2mcaRNA5959_R6, adi2mcaRNA5959_R7, adi2mcaRNA6094_R0, adi2mcaRNA6103_R0, adi2mcaRNA6103_R1, adi2mcaRNA6157_R0, adi2mcaRNA6696_R0, adi2mcaRNA6696_R1, adi2mcaRNA7416_R2, adi2mcaRNA7416_R5, adi2mcaRNA7416_R6, adi2mcaRNA7416_R7, adi2mcaRNA7416_R8, adi2mcaRNA7416_R9, adi2mcaRNA7590_R4, adi2mcaRNA7590_R5, adi2mcaRNA8160_R0, adi2mcaRNA8168_R0, adi2mcaRNA8259_R0, adi2mcaRNA8500_R0, adi2mcaRNA8987_R1, adi2mcaRNA9173_R5, adi2mcaRNA9177_R0, adi2mcaRNA9177_R1, adi2mcaRNA9177_R2, adi2mcaRNA925_R2, adi2mcaRNA9577_R0, adi2mcaRNA9970_R2, adi2mcaRNA9970_R3, g10037, g10191, g10225, g10242, g10244, g10245, g10572, g10806, g11749, g11844, g11845, g11934, g12073, g12253, g12405, g126, g13093, g13422, g13436, g13533, g1359, g13705, g13752, g13919, g13921, g14152, g14182, g14186, g14570, g1471, g1474, g14975, g14997, g15071, g15113, g15352, g15582, g15583, g15599, g15647, g15702, g15703, g15845, g15910, g15911, g15912, g15913, g1604, g1606, g16248, g16249, g16311, g16355, g16357, g16487, g16488, g16561, g16572, g16706, g16776, g17018, g17208, g17404, g17517, g17703, g17883, g17903, g18123, g18167, g18193, g18333, g1839, g1840, g1841, g1842, g18589, g18626, g18659, g18661, g18695, g18750, g18753, g18877, g18914, g18915, g18916, g18921, g18922, g1909, g19107, g1913, g19363, g19587, g19601, g19631, g19674, g19734, g19963, g19988, g20082, g20685, g20711, g20738, g2086, g2087, g20904, g20947, g21200, g21218, g21219, g21290, g21358, g21558, g21744, g2183, g21904, g2206, g22366, g22377, g22384, g22387, g22423, g22424, g22454, g22509, g22584, g22682, g2270, g22747, g22803, g22979, g23034, g23140, g23141, g23270, g23310, g23312, g23793, g23814, g23945, g23946, g24039, g24147, g24181, g24187, g242, g24255, g24260, g243, g24365, g24518, g24602, g24779, g24903, g25016, g252, g25209, g2529, g2550, g25568, g25632, g25660, g25839, g26195, g26258, g26267, g26277, g26308, g26398, g26468, g26519, g26572, g26574, g26775, g26875, g26882, g26902, g27505, g27520, g27526, g27527, g27530, g27534, g27639, g27646, g27723, g27724, g27782, g27810, g27811, g27812, g27813, g27814, g27818, g27819, g27839, g27864, g27875, g27876, g27877, g27878, g27879, g27895, g27897, g27898, g27930, g27933, g28002, g28275, g28460, g28464, g28559, g28760, g28771, g28908, g29135, g29180, g29181, g29191, g29203, g29213, g29256, g29311, g29383, g29421, g29422, g29428, g2950, g29791, g29876, g29902, g30035, g3018, g30302, g30502, g30523, g30659, g30660, g30661, g30662, g30663, g30664, g30679, g30681, g30967, g310, g31004, g3114, g31173, g31777, g31988, g31996, g32031, g32078, g3211, g32246, g32447, g32468, g32478, g32511, g32764, g32783, g32955, g32998, g32999, g3311, g3314, g33150, g33179, g33215, g33464, g33465, g33619, g33653, g33696, g33698, g33979, g34381, g34431, g34629, g34630, g34802, g34817, g34906, g35013, g3507, g35251, g35253, g35267, g35270, g35388, g35391, g35392, g35435, g35436, g35437, g35451, g35550, g35976, g35985, g36036, g36044, g3623, g36313, g36410, g36429, g36535, g36638, g36732, g37091, g37100, g37231, g37262, g37266, g37391, g37889, g37891, g37897, g37898, g37900, g37905, g38040, g38089, g38101, g38320, g38321, g38328, g386, g38682, g38971, g38978, g39193, g39198, g39288, g39289, g3961, g39616, g39666, g39719, g39968, g39973, g39974, g40025, g40027, g40036, g40291, g40718, g40721, g40722, g40723, g40724, g40744, g40745, g40887, g40892, g40893, g40894, g40895, g40896, g40897, g40898, g40966, g4097, g41058, g41066, g41130, g41131, g41132, g41133, g41134, g41135, g41136, g41141, g41324, g41326, g41422, g41485, g41490, g41501, g41502, g41503, g41520, g41669, g41683, g41686, g41688, g41734, g4187, g41963, g41984, g41990, g42221, g42342, g42343, g42344, g42345, g42397, g4245, g4246, g4258, g42739, g43032, g43049, g43069, g43343, g43779, g43974, g44082, g44123, g44168, g44404, g44589, g44591, g44592, g44593, g44594, g44597, g45282, g45285, g45342, g45438, g45530, g45695, g45715, g45722, g45827, g46014, g46332, g46407, g46431, g4665, g46662, g46683, g46724, g46833, g46834, g46899, g4699, g47013, g475, g47649, g47759, g47760, g47995, g48078, g48117, g48261, g48432, g48574, g4900, g49281, g49643, g49644, g5008, g50229, g50419, g50449, g50450, g50455, g50541, g50542, g50544, g50718, g50783, g50829, g50838, g50847, g50874, g50936, g51042, g51124, g51158, g51171, g51661, g51662, g51696, g51699, g51709, g5184, g5202, g52080, g52111, g52222, g52659, g52784, g53096, g53164, g53577, g53613, g53621, g53628, g53654, g53815, g53826, g53893, g53997, g54021, g54402, g54432, g54433, g54434, g55245, g55341, g5549, g55490, g55602, g55609, g55610, g55621, g55630, g55632, g55634, g55643, g5581, g55918, g56114, g56909, g57164, g57165, g57180, g57612, g57652, g57660, g57762, g57763, g57846, g58051, g58087, g58189, g58329, g58432, g58433, g58439, g58441, g58577, g58618, g5877, g58928, g58942, g58943, g59012, g59483, g59497, g59498, g59501, g5975, g60219, g60355, g60918, g60937, g60944, g60945, g61152, g61154, g61199, g61202, g61318, g61470, g61685, g61756, g61976, g62035, g62036, g62130, g62137, g62228, g62375, g62709, g62779, g62849, g62876, g62960, g62970, g63043, g63472, g6358, g63583, g63601, g63602, g63609, g63649, g63819, g63820, g63821, g63847, g63882, g64087, g64234, g64398, g64474, g64525, g64538, g64589, g64714, g64715, g64717, g64719, g64788, g64790, g64945, g65051, g65052, g65053, g65063, g65081, g65412, g65414, g65420, g65453, g65457, g65461, g65466, g65475, g65506, g65667, g657, g65935, g66042, g66198, g66214, g66323, g66448, g66545, g6665, g66941, g67156, g67159, g67160, g67201, g67202, g67235, g67348, g67446, g67460, g6749, g6751, g67567, g6758, g67595, g67729, g67742, g6777, g6780, g67821, g68889, g68890, g69130, g6920, g69323, g69325, g69474, g69481, g69486, g69790, g69804, g69806, g69809, g70057, g70079, g7043, g71021, g7103, g71122, g71506, g7165, g724, g7308, g7309, g7310, g7311, g7313, g7314, g7478, g7480, g7487, g7488, g7531, g7534, g8149, g8172, g8374, g8378, g8381, g8562, g8563, g8565, g8590, g8823, g9230, g9231, g9313, g9568, g9944"
"up",3.63636363636364,"protein folding","adi2mcaRNA16049_R0, adi2mcaRNA18213_R0, adi2mcaRNA18710_R0, adi2mcaRNA24763_R0, adi2mcaRNA25397_R0, adi2mcaRNA27224_R0, adi2mcaRNA28657_R0, adi2mcaRNA29285_R1, adi2mcaRNA6692_R0, adi2mcaRNA9889_R0, adi2mcaRNA9889_R1, g11850, g17410, g18477, g18493, g18542, g21595, g21702, g23476, g27846, g27852, g28104, g28766, g28767, g28772, g288, g33244, g33749, g33978, g35010, g35952, g40324, g41742, g42349, g43736, g44837, g46213, g48563, g52462, g53875, g53945, g54934, g55126, g56201, g57447, g57629, g58547, g59715, g59987, g61923, g61924, g62826, g64357, g67745, g7930"
"up",6.45161290322581,"response to oxidative stress","adi2mcaRNA19015_R0, adi2mcaRNA19015_R2, adi2mcaRNA41598_R3, adi2mcaRNA8168_R0, adi2mcaRNA9173_R5, adi2mcaRNA9177_R0, adi2mcaRNA9177_R1, adi2mcaRNA9177_R2, g13752, g14997, g26267, g26468, g29213, g30035, g31988, g34381, g38089, g43343, g47995, g50455, g50544, g50936, g51249, g58618, g59214, g59483, g61894, g6665, g6777, g6780, g7043"
"up",10,"protein N-linked glycosylation","adi2mcaRNA1064_R1, adi2mcaRNA20238_R0, adi2mcaRNA2139_R0, adi2mcaRNA2139_R1, adi2mcaRNA2139_R7, g10132, g10757, g11966, g15043, g19634, g20139, g32100, g32103, g32141, g36355, g44961, g48452, g57001, g59537, g61026"
"up",10.5263157894737,"immune response","adi2mcaRNA10437_R0, adi2mcaRNA36649_R0, g14630, g26013, g27096, g27111, g2819, g35374, g35375, g35383, g49470, g58589, g58590, g5891, g6078, g66193, g66194, g7093, g7400"
"up",11.1111111111111,"phospholipid metabolic process","adi2mcaRNA10569_R0, adi2mcaRNA10569_R2, adi2mcaRNA10572_R0, adi2mcaRNA31656_R0, adi2mcaRNA37167_R1, adi2mcaRNA5086_R1, g1754, g22927, g33740, g33742, g33743, g34576, g35919, g49197, g56921, g67931, g7798, g8788"
"up",11.7647058823529,"arachidonic acid secretion","adi2mcaRNA10569_R0, adi2mcaRNA10569_R2, adi2mcaRNA10572_R0, adi2mcaRNA37167_R1, adi2mcaRNA5086_R1, g1754, g22927, g33740, g33742, g33743, g34576, g35919, g49197, g56921, g67931, g7798, g8788"
"up",13.3333333333333,"microtubule-based process","adi2mcaRNA10310_R0, adi2mcaRNA3796_R3, g10246, g16089, g17434, g21661, g25157, g25159, g25161, g25164, g25708, g32068, g36333, g36881, g36885, g41433, g41435, g41436, g45345, g48083, g54698, g58311, g58525, g61845, g62904, g64067, g64484, g69794, g70629, g9232"
"up",14.2857142857143,"chromosome segregation","g12443, g14713, g17911, g23055, g48873, g49612, g8665"
"up",14.2857142857143,"cilium assembly","adi2mcaRNA18537_R0, g17435, g21745, g22529, g47026, g52038, g67822"
"up",14.2857142857143,"CTP biosynthetic process","adi2mcaRNA23243_R0, adi2mcaRNA23243_R1, g28784, g51181, g53978, g54238, g68344"
"up",14.2857142857143,"DNA-templated transcription, initiation","adi2mcaRNA11287_R1, adi2mcaRNA25316_R4, adi2mcaRNA25316_R5, adi2mcaRNA25316_R8, g15179, g16570, g17706, g23843, g28800, g32288, g33661, g34835, g55629, g9823"
"up",14.2857142857143,"kinetochore assembly","g14713, g23055, g24408, g48873, g51655, g6558, g7743"
"up",14.2857142857143,"vacuolar transport","g17178, g28781, g35260, g35595, g36306, g43711, g47559, g48777, g53523, g55653, g60066, g61084, g69868, g7950"
"up",15.3846153846154,"superoxide metabolic process","adi2mcaRNA26177_R1, adi2mcaRNA26177_R2, g1359, g17214, g21489, g21490, g26499, g33618, g45695, g53431, g53432, g53436, g53439"
"up",16.6666666666667,"GTP biosynthetic process","adi2mcaRNA23243_R0, adi2mcaRNA23243_R1, g51181, g53978, g54238, g68344"
"up",16.6666666666667,"nucleoside diphosphate phosphorylation","adi2mcaRNA23243_R0, adi2mcaRNA23243_R1, g51181, g53978, g54238, g68344"
"up",16.6666666666667,"UTP biosynthetic process","adi2mcaRNA23243_R0, adi2mcaRNA23243_R1, g51181, g53978, g54238, g68344"
"up",20,"phosphatidylinositol metabolic process","adi2mcaRNA28753_R0, adi2mcaRNA28754_R0, g12347, g31786, g9260"
"up",20,"toll-like receptor signaling pathway","g35374, g35375, g35383, g6078, g7400"
"up",25,"mitochondrial electron transport, ubiquinol to cytochrome c","g16777, g45278, g49169, g62606"
"up",25,"negative regulation of transcription by RNA polymerase II","g12286, g58547, g62769, g66176"
"up",25,"regulation of microtubule polymerization or depolymerization","adi2mcaRNA8527_R1, g23516, g48277, g9888"
"up",33.3333333333333,"CENP-A containing nucleosome assembly","adi2mcaRNA3884_R1, adi2mcaRNA3884_R2, g33466"
"up",33.3333333333333,"cilium movement involved in cell motility","g22529, g47026, g67822"
"up",33.3333333333333,"tRNA 3'-trailer cleavage","g15169, g3410, g56965"
"up",34.1463414634146,"nucleosome assembly","g14603, g1491, g16009, g16179, g16180, g16182, g16183, g17877, g17879, g17881, g19731, g19732, g19733, g31910, g3320, g33801, g33802, g33804, g33805, g33806, g33808, g33809, g33812, g33813, g33815, g39559, g4046, g4048, g46076, g46302, g46746, g48635, g49654, g52461, g54166, g54171, g54176, g56707, g6471, g66453, g66743"
"up",40,"regulation of DNA replication","adi2mcaRNA14912_R0, g14701, g2144, g43600, g5394"
"up",50,"chaperone-mediated protein transport","g14140, g2243"
"up",50,"dTMP biosynthetic process","g20053, g30099"
"up",50,"mitotic cytokinesis","g48120, g63358"
"up",50,"mitotic sister chromatid segregation","g22336, g35035"
"up",50,"phospholipid catabolic process","adi2mcaRNA23633_R0, adi2mcaRNA3095_R0"
"up",50,"ribosomal large subunit assembly","g56987, g56996"
"up",50,"spindle organization","g12315, g12316"
"up",100,"deoxyribonucleotide biosynthetic process","g53997"
"up",100,"establishment of mitotic spindle localization","g48120"
"up",100,"mitotic recombination-dependent replication fork processing","g34992"
"up",100,"negative regulation of biosynthetic process","g66167"
"up",100,"negative regulation of nucleic acid-templated transcription","g22568"
